SC_project_short_code,SiteID,SampleSeason,SamplingSeasonCode,Year,SeasonSeq,TargetSpecies,PlotID,SixLetterCode,DepthMeasurement,Depth_mm,MusselDepthCode,MethodCode
SC_Rocky_It,SHCO,131,FA13,2013,3,mytilus,3,MYTCAL,Depth01,,LT10,PP
SC_Rocky_It,SHCO,131,FA13,2013,3,mytilus,3,MYTCAL,Depth02,,LT10,PP
SC_Rocky_It,SHCO,131,FA13,2013,3,mytilus,3,MYTCAL,Depth03,,LT10,PP
SC_Rocky_It,SHCO,131,FA13,2013,3,mytilus,3,MYTCAL,Depth04,,LT10,PP
SC_Rocky_It,SHCO,131,FA13,2013,3,mytilus,3,MYTCAL,Depth05,,LT10,PP
SC_Rocky_It,CRCO,123,FA11,2011,3,mytilus,1,MYTCAL,Depth01,80,M,PP
SC_Rocky_It,CRCO,123,FA11,2011,3,mytilus,1,MYTCAL,Depth02,100,M,PP
SC_Rocky_It,CRCO,123,FA11,2011,3,mytilus,2,MYTCAL,Depth01,60,M,PP
SC_Rocky_It,CRCO,123,FA11,2011,3,mytilus,2,MYTCAL,Depth02,60,M,PP
SC_Rocky_It,CRCO,123,FA11,2011,3,mytilus,2,MYTCAL,Depth03,30,M,PP
SC_Rocky_It,CRCO,123,FA11,2011,3,mytilus,2,MYTCAL,Depth04,40,M,PP
SC_Rocky_It,CRCO,123,FA11,2011,3,mytilus,2,MYTCAL,Depth05,160,M,PP
SC_Rocky_It,CRCO,123,FA11,2011,3,mytilus,3,MYTCAL,Depth01,30,M,PP
SC_Rocky_It,CRCO,123,FA11,2011,3,mytilus,3,MYTCAL,Depth02,70,M,PP
SC_Rocky_It,CRCO,123,FA11,2011,3,mytilus,3,MYTCAL,Depth04,50,M,PP
SC_Rocky_It,CRCO,123,FA11,2011,3,mytilus,4,MYTCAL,Depth01,40,M,PP
SC_Rocky_It,CRCO,123,FA11,2011,3,mytilus,4,MYTCAL,Depth04,70,M,PP
SC_Rocky_It,CRCO,123,FA11,2011,3,mytilus,5,MYTCAL,Depth02,80,M,PP
SC_Rocky_It,CRCO,123,FA11,2011,3,mytilus,5,MYTCAL,Depth03,80,M,PP
SC_Rocky_It,CRCO,123,FA11,2011,3,mytilus,5,MYTCAL,Depth05,80,M,PP
SC_Rocky_It,CRCO,127,FA12,2012,3,mytilus,1,MYTCAL,Depth01,117,M,PP
SC_Rocky_It,CRCO,127,FA12,2012,3,mytilus,1,MYTCAL,Depth02,115,M,PP
SC_Rocky_It,CRCO,127,FA12,2012,3,mytilus,1,MYTCAL,Depth03,49,M,PP
SC_Rocky_It,CRCO,127,FA12,2012,3,mytilus,1,MYTCAL,Depth04,22,M,PP
SC_Rocky_It,CRCO,127,FA12,2012,3,mytilus,1,MYTCAL,Depth05,44,M,PP
SC_Rocky_It,CRCO,127,FA12,2012,3,mytilus,2,MYTCAL,Depth01,34,M,PP
SC_Rocky_It,CRCO,127,FA12,2012,3,mytilus,2,MYTCAL,Depth02,65,M,PP
SC_Rocky_It,CRCO,127,FA12,2012,3,mytilus,2,MYTCAL,Depth03,155,M,PP
SC_Rocky_It,CRCO,127,FA12,2012,3,mytilus,2,MYTCAL,Depth04,75,M,PP
SC_Rocky_It,CRCO,127,FA12,2012,3,mytilus,2,MYTCAL,Depth05,130,M,PP
SC_Rocky_It,CRCO,127,FA12,2012,3,mytilus,3,MYTCAL,Depth01,94,M,PP
SC_Rocky_It,CRCO,127,FA12,2012,3,mytilus,3,MYTCAL,Depth02,92,M,PP
SC_Rocky_It,CRCO,127,FA12,2012,3,mytilus,3,MYTCAL,Depth03,128,M,PP
SC_Rocky_It,CRCO,127,FA12,2012,3,mytilus,3,MYTCAL,Depth04,27,M,PP
SC_Rocky_It,CRCO,127,FA12,2012,3,mytilus,3,MYTCAL,Depth05,49,M,PP
SC_Rocky_It,CRCO,127,FA12,2012,3,mytilus,4,MYTCAL,Depth01,31,M,PP
SC_Rocky_It,CRCO,127,FA12,2012,3,mytilus,4,MYTCAL,Depth02,45,M,PP
SC_Rocky_It,CRCO,127,FA12,2012,3,mytilus,4,MYTCAL,Depth03,94,M,PP
SC_Rocky_It,CRCO,127,FA12,2012,3,mytilus,4,MYTCAL,Depth04,125,M,PP
SC_Rocky_It,CRCO,127,FA12,2012,3,mytilus,4,MYTCAL,Depth05,80,M,PP
SC_Rocky_It,CRCO,127,FA12,2012,3,mytilus,5,MYTCAL,Depth01,98,M,PP
SC_Rocky_It,CRCO,127,FA12,2012,3,mytilus,5,MYTCAL,Depth02,133,M,PP
SC_Rocky_It,CRCO,127,FA12,2012,3,mytilus,5,MYTCAL,Depth03,79,M,PP
SC_Rocky_It,CRCO,127,FA12,2012,3,mytilus,5,MYTCAL,Depth04,107,M,PP
SC_Rocky_It,CRCO,127,FA12,2012,3,mytilus,5,MYTCAL,Depth05,83,M,PP
SC_Rocky_It,LEC,128,WN12,2012,4,mytilus,2R,MYTCAL,Depth01,60,M,RQ
SC_Rocky_It,LEC,128,WN12,2012,4,mytilus,2R,MYTCAL,Depth02,50,M,RQ
SC_Rocky_It,LEC,128,WN12,2012,4,mytilus,2R,MYTCAL,Depth03,50,M,RQ
SC_Rocky_It,LEC,128,WN12,2012,4,mytilus,2R,MYTCAL,Depth04,50,M,RQ
SC_Rocky_It,LEC,128,WN12,2012,4,mytilus,2R,MYTCAL,Depth05,60,M,RQ
SC_Rocky_It,LEC,128,WN12,2012,4,mytilus,3R,MYTCAL,Depth01,80,M,RQ
SC_Rocky_It,LEC,128,WN12,2012,4,mytilus,3R,MYTCAL,Depth02,50,M,RQ
SC_Rocky_It,LEC,128,WN12,2012,4,mytilus,3R,MYTCAL,Depth03,60,M,RQ
SC_Rocky_It,LEC,128,WN12,2012,4,mytilus,3R,MYTCAL,Depth04,80,M,RQ
SC_Rocky_It,LEC,128,WN12,2012,4,mytilus,3R,MYTCAL,Depth05,120,M,RQ
SC_Rocky_It,LEC,128,WN12,2012,4,mytilus,4R,MYTCAL,Depth02,60,M,RQ
SC_Rocky_It,LEC,128,WN12,2012,4,mytilus,4R,MYTCAL,Depth03,60,M,RQ
SC_Rocky_It,LEC,128,WN12,2012,4,mytilus,4R,MYTCAL,Depth04,70,M,RQ
SC_Rocky_It,LEC,128,WN12,2012,4,mytilus,4R,MYTCAL,Depth05,70,M,RQ
SC_Rocky_It,LEC,128,WN12,2012,4,mytilus,5R,MYTCAL,Depth01,80,M,RQ
SC_Rocky_It,LEC,128,WN12,2012,4,mytilus,5R,MYTCAL,Depth02,60,M,RQ
SC_Rocky_It,LEC,128,WN12,2012,4,mytilus,5R,MYTCAL,Depth03,90,M,RQ
SC_Rocky_It,LEC,128,WN12,2012,4,mytilus,5R,MYTCAL,Depth04,70,M,RQ
SC_Rocky_It,SEQ,128,WN12,2012,4,mytilus,3R,MYTCAL,Depth01,50,M,RQ
SC_Rocky_It,SEQ,128,WN12,2012,4,mytilus,3R,MYTCAL,Depth02,70,M,RQ
SC_Rocky_It,SEQ,128,WN12,2012,4,mytilus,3R,MYTCAL,Depth03,60,M,RQ
SC_Rocky_It,SEQ,128,WN12,2012,4,mytilus,4R,MYTCAL,Depth01,80,M,RQ
SC_Rocky_It,SEQ,128,WN12,2012,4,mytilus,4R,MYTCAL,Depth02,50,M,RQ
SC_Rocky_It,SEQ,128,WN12,2012,4,mytilus,5R,MYTCAL,Depth01,40,M,RQ
SC_Rocky_It,SHCO,123,FA11,2011,3,mytilus,1,MYTCAL,Depth03,100,M,PP
SC_Rocky_It,SHCO,123,FA11,2011,3,mytilus,1,MYTCAL,Depth05,60,M,PP
SC_Rocky_It,SHCO,123,FA11,2011,3,mytilus,2,MYTCAL,Depth01,80,M,PP
SC_Rocky_It,SHCO,123,FA11,2011,3,mytilus,2,MYTCAL,Depth02,70,M,PP
SC_Rocky_It,SHCO,123,FA11,2011,3,mytilus,2,MYTCAL,Depth03,70,M,PP
SC_Rocky_It,SHCO,123,FA11,2011,3,mytilus,3,MYTCAL,Depth02,70,M,PP
SC_Rocky_It,SHCO,123,FA11,2011,3,mytilus,3,MYTCAL,Depth03,80,M,PP
SC_Rocky_It,SHCO,123,FA11,2011,3,mytilus,3,MYTCAL,Depth04,90,M,PP
SC_Rocky_It,SHCO,123,FA11,2011,3,mytilus,4,MYTCAL,Depth01,60,M,PP
SC_Rocky_It,SHCO,123,FA11,2011,3,mytilus,4,MYTCAL,Depth03,70,M,PP
SC_Rocky_It,SHCO,123,FA11,2011,3,mytilus,4,MYTCAL,Depth04,80,M,PP
SC_Rocky_It,SHCO,123,FA11,2011,3,mytilus,4,MYTCAL,Depth05,90,M,PP
SC_Rocky_It,SHCO,123,FA11,2011,3,mytilus,5,MYTCAL,Depth01,80,M,PP
SC_Rocky_It,SHCO,123,FA11,2011,3,mytilus,5,MYTCAL,Depth03,50,M,PP
SC_Rocky_It,SHCO,123,FA11,2011,3,mytilus,5,MYTCAL,Depth05,60,M,PP
SC_Rocky_It,SHCO,127,FA12,2012,3,mytilus,1,MYTCAL,Depth01,23,M,PP
SC_Rocky_It,SHCO,127,FA12,2012,3,mytilus,1,MYTCAL,Depth02,14,M,PP
SC_Rocky_It,SHCO,127,FA12,2012,3,mytilus,1,MYTCAL,Depth03,25,M,PP
SC_Rocky_It,SHCO,127,FA12,2012,3,mytilus,1,MYTCAL,Depth04,56,M,PP
SC_Rocky_It,SHCO,127,FA12,2012,3,mytilus,1,MYTCAL,Depth05,35,M,PP
SC_Rocky_It,SHCO,127,FA12,2012,3,mytilus,2,MYTCAL,Depth01,67,M,PP
SC_Rocky_It,SHCO,127,FA12,2012,3,mytilus,2,MYTCAL,Depth02,59,M,PP
SC_Rocky_It,SHCO,127,FA12,2012,3,mytilus,2,MYTCAL,Depth03,41,M,PP
SC_Rocky_It,SHCO,127,FA12,2012,3,mytilus,2,MYTCAL,Depth04,49,M,PP
SC_Rocky_It,SHCO,127,FA12,2012,3,mytilus,2,MYTCAL,Depth05,41,M,PP
SC_Rocky_It,SHCO,127,FA12,2012,3,mytilus,3,MYTCAL,Depth01,35,M,PP
SC_Rocky_It,SHCO,127,FA12,2012,3,mytilus,3,MYTCAL,Depth02,55,M,PP
SC_Rocky_It,SHCO,127,FA12,2012,3,mytilus,3,MYTCAL,Depth03,63,M,PP
SC_Rocky_It,SHCO,127,FA12,2012,3,mytilus,3,MYTCAL,Depth04,35,M,PP
SC_Rocky_It,SHCO,127,FA12,2012,3,mytilus,3,MYTCAL,Depth05,32,M,PP
SC_Rocky_It,SHCO,127,FA12,2012,3,mytilus,4,MYTCAL,Depth01,45,M,PP
SC_Rocky_It,SHCO,127,FA12,2012,3,mytilus,4,MYTCAL,Depth02,22,M,PP
SC_Rocky_It,SHCO,127,FA12,2012,3,mytilus,4,MYTCAL,Depth03,31,M,PP
SC_Rocky_It,SHCO,127,FA12,2012,3,mytilus,4,MYTCAL,Depth04,31,M,PP
SC_Rocky_It,SHCO,127,FA12,2012,3,mytilus,4,MYTCAL,Depth05,28,M,PP
SC_Rocky_It,SHCO,127,FA12,2012,3,mytilus,5,MYTCAL,Depth01,55,M,PP
SC_Rocky_It,SHCO,127,FA12,2012,3,mytilus,5,MYTCAL,Depth02,52,M,PP
SC_Rocky_It,SHCO,127,FA12,2012,3,mytilus,5,MYTCAL,Depth03,30,M,PP
SC_Rocky_It,SHCO,127,FA12,2012,3,mytilus,5,MYTCAL,Depth04,12,M,PP
SC_Rocky_It,SHCO,127,FA12,2012,3,mytilus,5,MYTCAL,Depth05,38,M,PP
SC_Rocky_It,SHCO,131,FA13,2013,3,mytilus,1,MYTCAL,Depth01,55,M,PP
SC_Rocky_It,SHCO,131,FA13,2013,3,mytilus,1,MYTCAL,Depth02,17,M,PP
SC_Rocky_It,SHCO,131,FA13,2013,3,mytilus,1,MYTCAL,Depth03,27,M,PP
SC_Rocky_It,SHCO,131,FA13,2013,3,mytilus,1,MYTCAL,Depth04,53,M,PP
SC_Rocky_It,SHCO,131,FA13,2013,3,mytilus,1,MYTCAL,Depth05,56,M,PP
SC_Rocky_It,SHCO,131,FA13,2013,3,mytilus,2,MYTCAL,Depth01,86,M,PP
SC_Rocky_It,SHCO,131,FA13,2013,3,mytilus,2,MYTCAL,Depth02,28,M,PP
SC_Rocky_It,SHCO,131,FA13,2013,3,mytilus,2,MYTCAL,Depth03,50,M,PP
SC_Rocky_It,SHCO,131,FA13,2013,3,mytilus,2,MYTCAL,Depth04,35,M,PP
SC_Rocky_It,SHCO,131,FA13,2013,3,mytilus,2,MYTCAL,Depth05,22,M,PP
SC_Rocky_It,SHCO,131,FA13,2013,3,mytilus,4,MYTCAL,Depth01,36,M,PP
SC_Rocky_It,SHCO,131,FA13,2013,3,mytilus,4,MYTCAL,Depth02,25,M,PP
SC_Rocky_It,SHCO,131,FA13,2013,3,mytilus,4,MYTCAL,Depth03,33,M,PP
SC_Rocky_It,SHCO,131,FA13,2013,3,mytilus,4,MYTCAL,Depth04,25,M,PP
SC_Rocky_It,SHCO,131,FA13,2013,3,mytilus,4,MYTCAL,Depth05,39,M,PP
SC_Rocky_It,SHCO,131,FA13,2013,3,mytilus,5,MYTCAL,Depth01,44,M,PP
SC_Rocky_It,SHCO,131,FA13,2013,3,mytilus,5,MYTCAL,Depth02,24,M,PP
SC_Rocky_It,SHCO,131,FA13,2013,3,mytilus,5,MYTCAL,Depth03,43,M,PP
SC_Rocky_It,SHCO,131,FA13,2013,3,mytilus,5,MYTCAL,Depth04,29,M,PP
SC_Rocky_It,SHCO,131,FA13,2013,3,mytilus,5,MYTCAL,Depth05,22,M,PP
SC_Rocky_It,WISE,128,WN12,2012,4,mytilus,1R,MYTCAL,Depth01,80,M,RQ
SC_Rocky_It,WISE,128,WN12,2012,4,mytilus,5R,MYTCAL,Depth01,110,M,RQ
SC_Rocky_It,WISE,128,WN12,2012,4,mytilus,5R,MYTCAL,Depth02,110,M,RQ
SC_Rocky_It,WISE,128,WN12,2012,4,mytilus,5R,MYTCAL,Depth03,110,M,RQ
SC_Rocky_It,WISE,128,WN12,2012,4,mytilus,5R,MYTCAL,Depth04,130,M,RQ
SC_Rocky_It,WISE,128,WN12,2012,4,mytilus,5R,MYTCAL,Depth05,110,M,RQ
SC_Rocky_It,ALEG,121,SP11,2011,1,mytilus,4,MYTCAL,Depth01,10,NA,PP
SC_Rocky_It,ALEG,121,SP11,2011,1,mytilus,5,MYTCAL,Depth01,10,NA,PP
SC_Rocky_It,CARP,121,SP11,2011,1,mytilus,1,MYTCAL,Depth01,0,NA,PP
SC_Rocky_It,CARP,121,SP11,2011,1,mytilus,1,MYTCAL,Depth02,90,NA,PP
SC_Rocky_It,CARP,121,SP11,2011,1,mytilus,1,MYTCAL,Depth03,100,NA,PP
SC_Rocky_It,CARP,121,SP11,2011,1,mytilus,1,MYTCAL,Depth04,160,NA,PP
SC_Rocky_It,CARP,121,SP11,2011,1,mytilus,1,MYTCAL,Depth05,0,NA,PP
SC_Rocky_It,CARP,121,SP11,2011,1,mytilus,2,MYTCAL,Depth01,0,NA,PP
SC_Rocky_It,CARP,121,SP11,2011,1,mytilus,2,MYTCAL,Depth02,30,NA,PP
SC_Rocky_It,CARP,121,SP11,2011,1,mytilus,2,MYTCAL,Depth03,40,NA,PP
SC_Rocky_It,CARP,121,SP11,2011,1,mytilus,2,MYTCAL,Depth04,60,NA,PP
SC_Rocky_It,CARP,121,SP11,2011,1,mytilus,2,MYTCAL,Depth05,20,NA,PP
SC_Rocky_It,CARP,121,SP11,2011,1,mytilus,3,MYTCAL,Depth01,0,NA,PP
SC_Rocky_It,CARP,121,SP11,2011,1,mytilus,3,MYTCAL,Depth02,80,NA,PP
SC_Rocky_It,CARP,121,SP11,2011,1,mytilus,3,MYTCAL,Depth03,30,NA,PP
SC_Rocky_It,CARP,121,SP11,2011,1,mytilus,3,MYTCAL,Depth04,80,NA,PP
SC_Rocky_It,CARP,121,SP11,2011,1,mytilus,3,MYTCAL,Depth05,20,NA,PP
SC_Rocky_It,CARP,121,SP11,2011,1,mytilus,4,MYTCAL,Depth01,20,NA,PP
SC_Rocky_It,CARP,121,SP11,2011,1,mytilus,4,MYTCAL,Depth02,50,NA,PP
SC_Rocky_It,CARP,121,SP11,2011,1,mytilus,4,MYTCAL,Depth03,0,NA,PP
SC_Rocky_It,CARP,121,SP11,2011,1,mytilus,4,MYTCAL,Depth04,0,NA,PP
SC_Rocky_It,CARP,121,SP11,2011,1,mytilus,4,MYTCAL,Depth05,80,NA,PP
SC_Rocky_It,CARP,121,SP11,2011,1,mytilus,5,MYTCAL,Depth01,50,NA,PP
SC_Rocky_It,CARP,121,SP11,2011,1,mytilus,5,MYTCAL,Depth02,50,NA,PP
SC_Rocky_It,CARP,121,SP11,2011,1,mytilus,5,MYTCAL,Depth03,30,NA,PP
SC_Rocky_It,CARP,121,SP11,2011,1,mytilus,5,MYTCAL,Depth04,0,NA,PP
SC_Rocky_It,CARP,121,SP11,2011,1,mytilus,5,MYTCAL,Depth05,10,NA,PP
SC_Rocky_It,CARP,127,FA12,2012,3,mytilus,1,MYTCAL,Depth01,90,NA,PP
SC_Rocky_It,CARP,127,FA12,2012,3,mytilus,1,MYTCAL,Depth02,40,NA,PP
SC_Rocky_It,CARP,127,FA12,2012,3,mytilus,1,MYTCAL,Depth03,40,NA,PP
SC_Rocky_It,CARP,127,FA12,2012,3,mytilus,1,MYTCAL,Depth04,90,NA,PP
SC_Rocky_It,CARP,127,FA12,2012,3,mytilus,1,MYTCAL,Depth05,10,NA,PP
SC_Rocky_It,CARP,127,FA12,2012,3,mytilus,2,MYTCAL,Depth01,90,NA,PP
SC_Rocky_It,CARP,127,FA12,2012,3,mytilus,2,MYTCAL,Depth02,10,NA,PP
SC_Rocky_It,CARP,127,FA12,2012,3,mytilus,2,MYTCAL,Depth03,10,NA,PP
SC_Rocky_It,CARP,127,FA12,2012,3,mytilus,2,MYTCAL,Depth04,100,NA,PP
SC_Rocky_It,CARP,127,FA12,2012,3,mytilus,2,MYTCAL,Depth05,80,NA,PP
SC_Rocky_It,CARP,127,FA12,2012,3,mytilus,3,MYTCAL,Depth01,150,NA,PP
SC_Rocky_It,CARP,127,FA12,2012,3,mytilus,3,MYTCAL,Depth02,70,NA,PP
SC_Rocky_It,CARP,127,FA12,2012,3,mytilus,3,MYTCAL,Depth03,140,NA,PP
SC_Rocky_It,CARP,127,FA12,2012,3,mytilus,3,MYTCAL,Depth04,10,NA,PP
SC_Rocky_It,CARP,127,FA12,2012,3,mytilus,3,MYTCAL,Depth05,10,NA,PP
SC_Rocky_It,CARP,127,FA12,2012,3,mytilus,5,MYTCAL,Depth01,120,NA,PP
SC_Rocky_It,CARP,127,FA12,2012,3,mytilus,5,MYTCAL,Depth02,50,NA,PP
SC_Rocky_It,CARP,127,FA12,2012,3,mytilus,5,MYTCAL,Depth03,100,NA,PP
SC_Rocky_It,CARP,127,FA12,2012,3,mytilus,5,MYTCAL,Depth04,60,NA,PP
SC_Rocky_It,CARP,127,FA12,2012,3,mytilus,5,MYTCAL,Depth05,100,NA,PP
SC_Rocky_It,COPT,125,SP12,2012,1,mytilus,1,MYTCAL,Depth01,30,NA,PP
SC_Rocky_It,COPT,125,SP12,2012,1,mytilus,1,MYTCAL,Depth02,30,NA,PP
SC_Rocky_It,COPT,125,SP12,2012,1,mytilus,1,MYTCAL,Depth03,50,NA,PP
SC_Rocky_It,COPT,125,SP12,2012,1,mytilus,1,MYTCAL,Depth04,60,NA,PP
SC_Rocky_It,COPT,125,SP12,2012,1,mytilus,1,MYTCAL,Depth05,70,NA,PP
SC_Rocky_It,COPT,125,SP12,2012,1,mytilus,1,MYTCAL,Depth06,80,NA,PP
SC_Rocky_It,COPT,125,SP12,2012,1,mytilus,1,MYTCAL,Depth07,80,NA,PP
SC_Rocky_It,COPT,125,SP12,2012,1,mytilus,1,MYTCAL,Depth08,80,NA,PP
SC_Rocky_It,COPT,125,SP12,2012,1,mytilus,1,MYTCAL,Depth09,90,NA,PP
SC_Rocky_It,COPT,125,SP12,2012,1,mytilus,1,MYTCAL,Depth10,100,NA,PP
SC_Rocky_It,COPT,125,SP12,2012,1,mytilus,2,MYTCAL,Depth01,50,NA,PP
SC_Rocky_It,COPT,125,SP12,2012,1,mytilus,2,MYTCAL,Depth02,50,NA,PP
SC_Rocky_It,COPT,125,SP12,2012,1,mytilus,2,MYTCAL,Depth03,50,NA,PP
SC_Rocky_It,COPT,125,SP12,2012,1,mytilus,2,MYTCAL,Depth04,60,NA,PP
SC_Rocky_It,COPT,125,SP12,2012,1,mytilus,2,MYTCAL,Depth05,60,NA,PP
SC_Rocky_It,COPT,125,SP12,2012,1,mytilus,2,MYTCAL,Depth06,60,NA,PP
SC_Rocky_It,COPT,125,SP12,2012,1,mytilus,2,MYTCAL,Depth07,70,NA,PP
SC_Rocky_It,COPT,125,SP12,2012,1,mytilus,2,MYTCAL,Depth08,70,NA,PP
SC_Rocky_It,COPT,125,SP12,2012,1,mytilus,2,MYTCAL,Depth09,70,NA,PP
SC_Rocky_It,COPT,125,SP12,2012,1,mytilus,2,MYTCAL,Depth10,90,NA,PP
SC_Rocky_It,COPT,125,SP12,2012,1,mytilus,3,MYTCAL,Depth01,40,NA,PP
SC_Rocky_It,COPT,125,SP12,2012,1,mytilus,3,MYTCAL,Depth02,50,NA,PP
SC_Rocky_It,COPT,125,SP12,2012,1,mytilus,3,MYTCAL,Depth03,50,NA,PP
SC_Rocky_It,COPT,125,SP12,2012,1,mytilus,3,MYTCAL,Depth04,50,NA,PP
SC_Rocky_It,COPT,125,SP12,2012,1,mytilus,3,MYTCAL,Depth05,50,NA,PP
SC_Rocky_It,COPT,125,SP12,2012,1,mytilus,3,MYTCAL,Depth06,60,NA,PP
SC_Rocky_It,COPT,125,SP12,2012,1,mytilus,3,MYTCAL,Depth07,60,NA,PP
SC_Rocky_It,COPT,125,SP12,2012,1,mytilus,3,MYTCAL,Depth08,80,NA,PP
SC_Rocky_It,COPT,125,SP12,2012,1,mytilus,3,MYTCAL,Depth09,80,NA,PP
SC_Rocky_It,COPT,125,SP12,2012,1,mytilus,3,MYTCAL,Depth10,90,NA,PP
SC_Rocky_It,COPT,125,SP12,2012,1,mytilus,4,MYTCAL,Depth01,30,NA,PP
SC_Rocky_It,COPT,125,SP12,2012,1,mytilus,4,MYTCAL,Depth02,40,NA,PP
SC_Rocky_It,COPT,125,SP12,2012,1,mytilus,4,MYTCAL,Depth03,40,NA,PP
SC_Rocky_It,COPT,125,SP12,2012,1,mytilus,4,MYTCAL,Depth04,40,NA,PP
SC_Rocky_It,COPT,125,SP12,2012,1,mytilus,4,MYTCAL,Depth05,50,NA,PP
SC_Rocky_It,COPT,125,SP12,2012,1,mytilus,4,MYTCAL,Depth06,50,NA,PP
SC_Rocky_It,COPT,125,SP12,2012,1,mytilus,4,MYTCAL,Depth07,60,NA,PP
SC_Rocky_It,COPT,125,SP12,2012,1,mytilus,4,MYTCAL,Depth08,60,NA,PP
SC_Rocky_It,COPT,125,SP12,2012,1,mytilus,4,MYTCAL,Depth09,70,NA,PP
SC_Rocky_It,COPT,125,SP12,2012,1,mytilus,4,MYTCAL,Depth10,80,NA,PP
SC_Rocky_It,COPT,125,SP12,2012,1,mytilus,5,MYTCAL,Depth01,10,NA,PP
SC_Rocky_It,COPT,125,SP12,2012,1,mytilus,5,MYTCAL,Depth02,40,NA,PP
SC_Rocky_It,COPT,125,SP12,2012,1,mytilus,5,MYTCAL,Depth03,40,NA,PP
SC_Rocky_It,COPT,125,SP12,2012,1,mytilus,5,MYTCAL,Depth04,60,NA,PP
SC_Rocky_It,COPT,125,SP12,2012,1,mytilus,5,MYTCAL,Depth05,60,NA,PP
SC_Rocky_It,COPT,125,SP12,2012,1,mytilus,5,MYTCAL,Depth06,70,NA,PP
SC_Rocky_It,COPT,125,SP12,2012,1,mytilus,5,MYTCAL,Depth07,70,NA,PP
SC_Rocky_It,COPT,125,SP12,2012,1,mytilus,5,MYTCAL,Depth08,80,NA,PP
SC_Rocky_It,COPT,125,SP12,2012,1,mytilus,5,MYTCAL,Depth09,80,NA,PP
SC_Rocky_It,COPT,125,SP12,2012,1,mytilus,5,MYTCAL,Depth10,100,NA,PP
SC_Rocky_It,COPT,127,FA12,2012,3,mytilus,1,MYTCAL,Depth01,60,NA,PP
SC_Rocky_It,COPT,127,FA12,2012,3,mytilus,1,MYTCAL,Depth02,70,NA,PP
SC_Rocky_It,COPT,127,FA12,2012,3,mytilus,1,MYTCAL,Depth03,80,NA,PP
SC_Rocky_It,COPT,127,FA12,2012,3,mytilus,1,MYTCAL,Depth04,50,NA,PP
SC_Rocky_It,COPT,127,FA12,2012,3,mytilus,1,MYTCAL,Depth05,80,NA,PP
SC_Rocky_It,COPT,127,FA12,2012,3,mytilus,2,MYTCAL,Depth01,70,NA,PP
SC_Rocky_It,COPT,127,FA12,2012,3,mytilus,2,MYTCAL,Depth02,80,NA,PP
SC_Rocky_It,COPT,127,FA12,2012,3,mytilus,2,MYTCAL,Depth03,50,NA,PP
SC_Rocky_It,COPT,127,FA12,2012,3,mytilus,2,MYTCAL,Depth04,50,NA,PP
SC_Rocky_It,COPT,127,FA12,2012,3,mytilus,2,MYTCAL,Depth05,40,NA,PP
SC_Rocky_It,COPT,127,FA12,2012,3,mytilus,3,MYTCAL,Depth01,40,NA,PP
SC_Rocky_It,COPT,127,FA12,2012,3,mytilus,3,MYTCAL,Depth02,50,NA,PP
SC_Rocky_It,COPT,127,FA12,2012,3,mytilus,3,MYTCAL,Depth03,40,NA,PP
SC_Rocky_It,COPT,127,FA12,2012,3,mytilus,3,MYTCAL,Depth04,60,NA,PP
SC_Rocky_It,COPT,127,FA12,2012,3,mytilus,3,MYTCAL,Depth05,50,NA,PP
SC_Rocky_It,COPT,127,FA12,2012,3,mytilus,4,MYTCAL,Depth01,40,NA,PP
SC_Rocky_It,COPT,127,FA12,2012,3,mytilus,4,MYTCAL,Depth02,50,NA,PP
SC_Rocky_It,COPT,127,FA12,2012,3,mytilus,4,MYTCAL,Depth03,60,NA,PP
SC_Rocky_It,COPT,127,FA12,2012,3,mytilus,4,MYTCAL,Depth04,70,NA,PP
SC_Rocky_It,COPT,127,FA12,2012,3,mytilus,4,MYTCAL,Depth05,50,NA,PP
SC_Rocky_It,COPT,127,FA12,2012,3,mytilus,5,MYTCAL,Depth01,50,NA,PP
SC_Rocky_It,COPT,127,FA12,2012,3,mytilus,5,MYTCAL,Depth02,40,NA,PP
SC_Rocky_It,COPT,127,FA12,2012,3,mytilus,5,MYTCAL,Depth03,70,NA,PP
SC_Rocky_It,COPT,127,FA12,2012,3,mytilus,5,MYTCAL,Depth04,70,NA,PP
SC_Rocky_It,COPT,127,FA12,2012,3,mytilus,5,MYTCAL,Depth05,40,NA,PP
SC_Rocky_It,CRCO,121,SP11,2011,1,mytilus,1,MYTCAL,Depth01,40,NA,PP
SC_Rocky_It,CRCO,121,SP11,2011,1,mytilus,1,MYTCAL,Depth02,40,NA,PP
SC_Rocky_It,CRCO,121,SP11,2011,1,mytilus,1,MYTCAL,Depth03,60,NA,PP
SC_Rocky_It,CRCO,121,SP11,2011,1,mytilus,2,MYTCAL,Depth01,10,NA,PP
SC_Rocky_It,CRCO,121,SP11,2011,1,mytilus,2,MYTCAL,Depth02,80,NA,PP
SC_Rocky_It,CRCO,121,SP11,2011,1,mytilus,3,MYTCAL,Depth01,135,NA,PP
SC_Rocky_It,CRCO,121,SP11,2011,1,mytilus,3,MYTCAL,Depth02,40,NA,PP
SC_Rocky_It,CRCO,121,SP11,2011,1,mytilus,3,MYTCAL,Depth03,40,NA,PP
SC_Rocky_It,CRCO,121,SP11,2011,1,mytilus,4,MYTCAL,Depth01,60,NA,PP
SC_Rocky_It,CRCO,121,SP11,2011,1,mytilus,4,MYTCAL,Depth02,80,NA,PP
SC_Rocky_It,CRCO,121,SP11,2011,1,mytilus,5,MYTCAL,Depth01,40,NA,PP
SC_Rocky_It,CRCO,121,SP11,2011,1,mytilus,5,MYTCAL,Depth02,40,NA,PP
SC_Rocky_It,CRCO,121,SP11,2011,1,mytilus,5,MYTCAL,Depth03,60,NA,PP
SC_Rocky_It,CRCO,121,SP11,2011,1,mytilus,5,MYTCAL,Depth04,80,NA,PP
SC_Rocky_It,ELWD,124,WN11,2011,4,mytilus,1R,MYTCAL,Depth01,50,NA,RQ
SC_Rocky_It,ELWD,124,WN11,2011,4,mytilus,1R,MYTCAL,Depth02,0,NA,RQ
SC_Rocky_It,ELWD,124,WN11,2011,4,mytilus,1R,MYTCAL,Depth03,40,NA,RQ
SC_Rocky_It,ELWD,124,WN11,2011,4,mytilus,1R,MYTCAL,Depth04,50,NA,RQ
SC_Rocky_It,ELWD,124,WN11,2011,4,mytilus,1R,MYTCAL,Depth05,30,NA,RQ
SC_Rocky_It,ELWD,124,WN11,2011,4,mytilus,2R,MYTCAL,Depth01,40,NA,RQ
SC_Rocky_It,ELWD,124,WN11,2011,4,mytilus,2R,MYTCAL,Depth02,60,NA,RQ
SC_Rocky_It,ELWD,124,WN11,2011,4,mytilus,2R,MYTCAL,Depth03,40,NA,RQ
SC_Rocky_It,ELWD,124,WN11,2011,4,mytilus,2R,MYTCAL,Depth04,40,NA,RQ
SC_Rocky_It,ELWD,124,WN11,2011,4,mytilus,2R,MYTCAL,Depth05,60,NA,RQ
SC_Rocky_It,ELWD,124,WN11,2011,4,mytilus,3R,MYTCAL,Depth01,30,NA,RQ
SC_Rocky_It,ELWD,124,WN11,2011,4,mytilus,3R,MYTCAL,Depth02,60,NA,RQ
SC_Rocky_It,ELWD,124,WN11,2011,4,mytilus,3R,MYTCAL,Depth03,30,NA,RQ
SC_Rocky_It,ELWD,124,WN11,2011,4,mytilus,3R,MYTCAL,Depth04,40,NA,RQ
SC_Rocky_It,ELWD,124,WN11,2011,4,mytilus,3R,MYTCAL,Depth05,60,NA,RQ
SC_Rocky_It,ELWD,124,WN11,2011,4,mytilus,4R,MYTCAL,Depth01,50,NA,RQ
SC_Rocky_It,ELWD,124,WN11,2011,4,mytilus,4R,MYTCAL,Depth02,0,NA,RQ
SC_Rocky_It,ELWD,124,WN11,2011,4,mytilus,4R,MYTCAL,Depth03,50,NA,RQ
SC_Rocky_It,ELWD,124,WN11,2011,4,mytilus,4R,MYTCAL,Depth04,30,NA,RQ
SC_Rocky_It,ELWD,124,WN11,2011,4,mytilus,4R,MYTCAL,Depth05,50,NA,RQ
SC_Rocky_It,ELWD,124,WN11,2011,4,mytilus,5R,MYTCAL,Depth01,70,NA,RQ
SC_Rocky_It,ELWD,124,WN11,2011,4,mytilus,5R,MYTCAL,Depth02,50,NA,RQ
SC_Rocky_It,ELWD,124,WN11,2011,4,mytilus,5R,MYTCAL,Depth03,0,NA,RQ
SC_Rocky_It,ELWD,124,WN11,2011,4,mytilus,5R,MYTCAL,Depth04,0,NA,RQ
SC_Rocky_It,ELWD,124,WN11,2011,4,mytilus,5R,MYTCAL,Depth05,50,NA,RQ
SC_Rocky_It,LEC,124,WN11,2011,4,mytilus,1R,MYTCAL,Depth01,70,NA,RQ
SC_Rocky_It,LEC,124,WN11,2011,4,mytilus,1R,MYTCAL,Depth02,80,NA,RQ
SC_Rocky_It,LEC,124,WN11,2011,4,mytilus,1R,MYTCAL,Depth03,70,NA,RQ
SC_Rocky_It,LEC,124,WN11,2011,4,mytilus,1R,MYTCAL,Depth04,60,NA,RQ
SC_Rocky_It,LEC,124,WN11,2011,4,mytilus,1R,MYTCAL,Depth05,80,NA,RQ
SC_Rocky_It,LEC,124,WN11,2011,4,mytilus,2R,MYTCAL,Depth01,80,NA,RQ
SC_Rocky_It,LEC,124,WN11,2011,4,mytilus,2R,MYTCAL,Depth02,50,NA,RQ
SC_Rocky_It,LEC,124,WN11,2011,4,mytilus,2R,MYTCAL,Depth03,70,NA,RQ
SC_Rocky_It,LEC,124,WN11,2011,4,mytilus,2R,MYTCAL,Depth04,40,NA,RQ
SC_Rocky_It,LEC,124,WN11,2011,4,mytilus,2R,MYTCAL,Depth05,50,NA,RQ
SC_Rocky_It,LEC,124,WN11,2011,4,mytilus,3R,MYTCAL,Depth01,30,NA,RQ
SC_Rocky_It,LEC,124,WN11,2011,4,mytilus,3R,MYTCAL,Depth02,60,NA,RQ
SC_Rocky_It,LEC,124,WN11,2011,4,mytilus,3R,MYTCAL,Depth03,90,NA,RQ
SC_Rocky_It,LEC,124,WN11,2011,4,mytilus,3R,MYTCAL,Depth04,20,NA,RQ
SC_Rocky_It,LEC,124,WN11,2011,4,mytilus,3R,MYTCAL,Depth05,60,NA,RQ
SC_Rocky_It,LEC,124,WN11,2011,4,mytilus,4R,MYTCAL,Depth01,80,NA,RQ
SC_Rocky_It,LEC,124,WN11,2011,4,mytilus,4R,MYTCAL,Depth02,70,NA,RQ
SC_Rocky_It,LEC,124,WN11,2011,4,mytilus,4R,MYTCAL,Depth03,60,NA,RQ
SC_Rocky_It,LEC,124,WN11,2011,4,mytilus,4R,MYTCAL,Depth04,80,NA,RQ
SC_Rocky_It,LEC,124,WN11,2011,4,mytilus,4R,MYTCAL,Depth05,50,NA,RQ
SC_Rocky_It,LEC,124,WN11,2011,4,mytilus,5R,MYTCAL,Depth01,70,NA,RQ
SC_Rocky_It,LEC,124,WN11,2011,4,mytilus,5R,MYTCAL,Depth02,80,NA,RQ
SC_Rocky_It,LEC,124,WN11,2011,4,mytilus,5R,MYTCAL,Depth03,30,NA,RQ
SC_Rocky_It,LEC,124,WN11,2011,4,mytilus,5R,MYTCAL,Depth04,60,NA,RQ
SC_Rocky_It,LEC,124,WN11,2011,4,mytilus,5R,MYTCAL,Depth05,20,NA,RQ
SC_Rocky_It,PTFM,125,SP12,2012,1,mytilus,1,MYTCAL,Depth01,10,NA,PP
SC_Rocky_It,PTFM,125,SP12,2012,1,mytilus,1,MYTCAL,Depth02,10,NA,PP
SC_Rocky_It,PTFM,125,SP12,2012,1,mytilus,1,MYTCAL,Depth03,10,NA,PP
SC_Rocky_It,PTFM,125,SP12,2012,1,mytilus,1,MYTCAL,Depth04,10,NA,PP
SC_Rocky_It,PTFM,125,SP12,2012,1,mytilus,1,MYTCAL,Depth05,10,NA,PP
SC_Rocky_It,PTFM,125,SP12,2012,1,mytilus,1,MYTCAL,Depth06,10,NA,PP
SC_Rocky_It,PTFM,125,SP12,2012,1,mytilus,1,MYTCAL,Depth07,10,NA,PP
SC_Rocky_It,PTFM,125,SP12,2012,1,mytilus,1,MYTCAL,Depth08,10,NA,PP
SC_Rocky_It,PTFM,125,SP12,2012,1,mytilus,1,MYTCAL,Depth09,10,NA,PP
SC_Rocky_It,PTFM,125,SP12,2012,1,mytilus,1,MYTCAL,Depth10,10,NA,PP
SC_Rocky_It,PTFM,125,SP12,2012,1,mytilus,2,MYTCAL,Depth01,10,NA,PP
SC_Rocky_It,PTFM,125,SP12,2012,1,mytilus,2,MYTCAL,Depth02,10,NA,PP
SC_Rocky_It,PTFM,125,SP12,2012,1,mytilus,2,MYTCAL,Depth03,20,NA,PP
SC_Rocky_It,PTFM,125,SP12,2012,1,mytilus,2,MYTCAL,Depth04,10,NA,PP
SC_Rocky_It,PTFM,125,SP12,2012,1,mytilus,2,MYTCAL,Depth05,10,NA,PP
SC_Rocky_It,PTFM,125,SP12,2012,1,mytilus,2,MYTCAL,Depth06,10,NA,PP
SC_Rocky_It,PTFM,125,SP12,2012,1,mytilus,2,MYTCAL,Depth07,30,NA,PP
SC_Rocky_It,PTFM,125,SP12,2012,1,mytilus,2,MYTCAL,Depth08,10,NA,PP
SC_Rocky_It,PTFM,125,SP12,2012,1,mytilus,2,MYTCAL,Depth09,20,NA,PP
SC_Rocky_It,PTFM,125,SP12,2012,1,mytilus,2,MYTCAL,Depth10,10,NA,PP
SC_Rocky_It,PTFM,125,SP12,2012,1,mytilus,3,MYTCAL,Depth01,10,NA,PP
SC_Rocky_It,PTFM,125,SP12,2012,1,mytilus,3,MYTCAL,Depth02,10,NA,PP
SC_Rocky_It,PTFM,125,SP12,2012,1,mytilus,3,MYTCAL,Depth03,10,NA,PP
SC_Rocky_It,PTFM,125,SP12,2012,1,mytilus,3,MYTCAL,Depth04,10,NA,PP
SC_Rocky_It,PTFM,125,SP12,2012,1,mytilus,3,MYTCAL,Depth05,10,NA,PP
SC_Rocky_It,PTFM,125,SP12,2012,1,mytilus,3,MYTCAL,Depth06,10,NA,PP
SC_Rocky_It,PTFM,125,SP12,2012,1,mytilus,3,MYTCAL,Depth07,10,NA,PP
SC_Rocky_It,PTFM,125,SP12,2012,1,mytilus,3,MYTCAL,Depth08,10,NA,PP
SC_Rocky_It,PTFM,125,SP12,2012,1,mytilus,3,MYTCAL,Depth09,10,NA,PP
SC_Rocky_It,PTFM,125,SP12,2012,1,mytilus,3,MYTCAL,Depth10,30,NA,PP
SC_Rocky_It,PTFM,125,SP12,2012,1,mytilus,4,MYTCAL,Depth01,10,NA,PP
SC_Rocky_It,PTFM,125,SP12,2012,1,mytilus,4,MYTCAL,Depth02,20,NA,PP
SC_Rocky_It,PTFM,125,SP12,2012,1,mytilus,4,MYTCAL,Depth03,20,NA,PP
SC_Rocky_It,PTFM,125,SP12,2012,1,mytilus,4,MYTCAL,Depth04,10,NA,PP
SC_Rocky_It,PTFM,125,SP12,2012,1,mytilus,4,MYTCAL,Depth05,40,NA,PP
SC_Rocky_It,PTFM,125,SP12,2012,1,mytilus,4,MYTCAL,Depth06,20,NA,PP
SC_Rocky_It,PTFM,125,SP12,2012,1,mytilus,4,MYTCAL,Depth07,20,NA,PP
SC_Rocky_It,PTFM,125,SP12,2012,1,mytilus,4,MYTCAL,Depth08,30,NA,PP
SC_Rocky_It,PTFM,125,SP12,2012,1,mytilus,4,MYTCAL,Depth09,30,NA,PP
SC_Rocky_It,PTFM,125,SP12,2012,1,mytilus,4,MYTCAL,Depth10,30,NA,PP
SC_Rocky_It,PTFM,125,SP12,2012,1,mytilus,5,MYTCAL,Depth01,20,NA,PP
SC_Rocky_It,PTFM,125,SP12,2012,1,mytilus,5,MYTCAL,Depth02,10,NA,PP
SC_Rocky_It,PTFM,125,SP12,2012,1,mytilus,5,MYTCAL,Depth03,10,NA,PP
SC_Rocky_It,PTFM,125,SP12,2012,1,mytilus,5,MYTCAL,Depth04,10,NA,PP
SC_Rocky_It,PTFM,125,SP12,2012,1,mytilus,5,MYTCAL,Depth05,10,NA,PP
SC_Rocky_It,PTFM,125,SP12,2012,1,mytilus,5,MYTCAL,Depth06,30,NA,PP
SC_Rocky_It,PTFM,125,SP12,2012,1,mytilus,5,MYTCAL,Depth07,10,NA,PP
SC_Rocky_It,PTFM,125,SP12,2012,1,mytilus,5,MYTCAL,Depth08,10,NA,PP
SC_Rocky_It,PTFM,125,SP12,2012,1,mytilus,5,MYTCAL,Depth09,10,NA,PP
SC_Rocky_It,PTFM,125,SP12,2012,1,mytilus,5,MYTCAL,Depth10,10,NA,PP
SC_Rocky_It,PTFM,127,FA12,2012,3,mytilus,1,MYTCAL,Depth01,20,NA,PP
SC_Rocky_It,PTFM,127,FA12,2012,3,mytilus,1,MYTCAL,Depth02,10,NA,PP
SC_Rocky_It,PTFM,127,FA12,2012,3,mytilus,1,MYTCAL,Depth03,20,NA,PP
SC_Rocky_It,PTFM,127,FA12,2012,3,mytilus,1,MYTCAL,Depth04,20,NA,PP
SC_Rocky_It,PTFM,127,FA12,2012,3,mytilus,1,MYTCAL,Depth05,20,NA,PP
SC_Rocky_It,PTFM,127,FA12,2012,3,mytilus,2,MYTCAL,Depth01,10,NA,PP
SC_Rocky_It,PTFM,127,FA12,2012,3,mytilus,2,MYTCAL,Depth02,20,NA,PP
SC_Rocky_It,PTFM,127,FA12,2012,3,mytilus,2,MYTCAL,Depth03,10,NA,PP
SC_Rocky_It,PTFM,127,FA12,2012,3,mytilus,2,MYTCAL,Depth04,10,NA,PP
SC_Rocky_It,PTFM,127,FA12,2012,3,mytilus,2,MYTCAL,Depth05,20,NA,PP
SC_Rocky_It,PTFM,127,FA12,2012,3,mytilus,4,MYTCAL,Depth01,20,NA,PP
SC_Rocky_It,PTFM,127,FA12,2012,3,mytilus,4,MYTCAL,Depth02,10,NA,PP
SC_Rocky_It,PTFM,127,FA12,2012,3,mytilus,4,MYTCAL,Depth03,20,NA,PP
SC_Rocky_It,PTFM,127,FA12,2012,3,mytilus,4,MYTCAL,Depth04,10,NA,PP
SC_Rocky_It,PTFM,127,FA12,2012,3,mytilus,4,MYTCAL,Depth05,30,NA,PP
SC_Rocky_It,PTFM,127,FA12,2012,3,mytilus,5,MYTCAL,Depth01,20,NA,PP
SC_Rocky_It,PTFM,127,FA12,2012,3,mytilus,5,MYTCAL,Depth02,10,NA,PP
SC_Rocky_It,PTFM,127,FA12,2012,3,mytilus,5,MYTCAL,Depth03,10,NA,PP
SC_Rocky_It,PTFM,127,FA12,2012,3,mytilus,5,MYTCAL,Depth04,20,NA,PP
SC_Rocky_It,PTFM,127,FA12,2012,3,mytilus,5,MYTCAL,Depth05,10,NA,PP
SC_Rocky_It,PTVC,124,WN11,2011,4,mytilus,1R,MYTCAL,Depth01,40,NA,RQ
SC_Rocky_It,PTVC,124,WN11,2011,4,mytilus,1R,MYTCAL,Depth02,50,NA,RQ
SC_Rocky_It,PTVC,124,WN11,2011,4,mytilus,1R,MYTCAL,Depth03,70,NA,RQ
SC_Rocky_It,PTVC,124,WN11,2011,4,mytilus,1R,MYTCAL,Depth04,40,NA,RQ
SC_Rocky_It,PTVC,124,WN11,2011,4,mytilus,1R,MYTCAL,Depth05,50,NA,RQ
SC_Rocky_It,PTVC,124,WN11,2011,4,mytilus,2R,MYTCAL,Depth01,40,NA,RQ
SC_Rocky_It,PTVC,124,WN11,2011,4,mytilus,2R,MYTCAL,Depth02,40,NA,RQ
SC_Rocky_It,PTVC,124,WN11,2011,4,mytilus,2R,MYTCAL,Depth03,30,NA,RQ
SC_Rocky_It,PTVC,124,WN11,2011,4,mytilus,2R,MYTCAL,Depth04,60,NA,RQ
SC_Rocky_It,PTVC,124,WN11,2011,4,mytilus,2R,MYTCAL,Depth05,40,NA,RQ
SC_Rocky_It,PTVC,124,WN11,2011,4,mytilus,3R,MYTCAL,Depth01,40,NA,RQ
SC_Rocky_It,PTVC,124,WN11,2011,4,mytilus,3R,MYTCAL,Depth02,40,NA,RQ
SC_Rocky_It,PTVC,124,WN11,2011,4,mytilus,3R,MYTCAL,Depth03,50,NA,RQ
SC_Rocky_It,PTVC,124,WN11,2011,4,mytilus,3R,MYTCAL,Depth04,50,NA,RQ
SC_Rocky_It,PTVC,124,WN11,2011,4,mytilus,3R,MYTCAL,Depth05,40,NA,RQ
SC_Rocky_It,PTVC,124,WN11,2011,4,mytilus,4R,MYTCAL,Depth01,60,NA,RQ
SC_Rocky_It,PTVC,124,WN11,2011,4,mytilus,4R,MYTCAL,Depth02,60,NA,RQ
SC_Rocky_It,PTVC,124,WN11,2011,4,mytilus,4R,MYTCAL,Depth03,60,NA,RQ
SC_Rocky_It,PTVC,124,WN11,2011,4,mytilus,4R,MYTCAL,Depth04,70,NA,RQ
SC_Rocky_It,PTVC,124,WN11,2011,4,mytilus,4R,MYTCAL,Depth05,70,NA,RQ
SC_Rocky_It,PTVC,124,WN11,2011,4,mytilus,5R,MYTCAL,Depth01,20,NA,RQ
SC_Rocky_It,PTVC,124,WN11,2011,4,mytilus,5R,MYTCAL,Depth02,30,NA,RQ
SC_Rocky_It,PTVC,124,WN11,2011,4,mytilus,5R,MYTCAL,Depth03,30,NA,RQ
SC_Rocky_It,PTVC,124,WN11,2011,4,mytilus,5R,MYTCAL,Depth04,30,NA,RQ
SC_Rocky_It,PTVC,124,WN11,2011,4,mytilus,5R,MYTCAL,Depth05,40,NA,RQ
SC_Rocky_It,SEQ,124,WN11,2011,4,mytilus,1R,MYTCAL,Depth01,60,NA,RQ
SC_Rocky_It,SEQ,124,WN11,2011,4,mytilus,1R,MYTCAL,Depth02,50,NA,RQ
SC_Rocky_It,SEQ,124,WN11,2011,4,mytilus,1R,MYTCAL,Depth03,60,NA,RQ
SC_Rocky_It,SEQ,124,WN11,2011,4,mytilus,1R,MYTCAL,Depth04,30,NA,RQ
SC_Rocky_It,SEQ,124,WN11,2011,4,mytilus,1R,MYTCAL,Depth05,80,NA,RQ
SC_Rocky_It,SEQ,124,WN11,2011,4,mytilus,2R,MYTCAL,Depth01,60,NA,RQ
SC_Rocky_It,SEQ,124,WN11,2011,4,mytilus,2R,MYTCAL,Depth02,40,NA,RQ
SC_Rocky_It,SEQ,124,WN11,2011,4,mytilus,2R,MYTCAL,Depth03,90,NA,RQ
SC_Rocky_It,SEQ,124,WN11,2011,4,mytilus,2R,MYTCAL,Depth04,50,NA,RQ
SC_Rocky_It,SEQ,124,WN11,2011,4,mytilus,2R,MYTCAL,Depth05,50,NA,RQ
SC_Rocky_It,SEQ,124,WN11,2011,4,mytilus,3R,MYTCAL,Depth01,30,NA,RQ
SC_Rocky_It,SEQ,124,WN11,2011,4,mytilus,3R,MYTCAL,Depth02,70,NA,RQ
SC_Rocky_It,SEQ,124,WN11,2011,4,mytilus,3R,MYTCAL,Depth03,60,NA,RQ
SC_Rocky_It,SEQ,124,WN11,2011,4,mytilus,3R,MYTCAL,Depth04,110,NA,RQ
SC_Rocky_It,SEQ,124,WN11,2011,4,mytilus,3R,MYTCAL,Depth05,90,NA,RQ
SC_Rocky_It,SEQ,124,WN11,2011,4,mytilus,4R,MYTCAL,Depth01,70,NA,RQ
SC_Rocky_It,SEQ,124,WN11,2011,4,mytilus,4R,MYTCAL,Depth02,90,NA,RQ
SC_Rocky_It,SEQ,124,WN11,2011,4,mytilus,4R,MYTCAL,Depth03,100,NA,RQ
SC_Rocky_It,SEQ,124,WN11,2011,4,mytilus,4R,MYTCAL,Depth04,70,NA,RQ
SC_Rocky_It,SEQ,124,WN11,2011,4,mytilus,4R,MYTCAL,Depth05,80,NA,RQ
SC_Rocky_It,SEQ,124,WN11,2011,4,mytilus,5R,MYTCAL,Depth01,50,NA,RQ
SC_Rocky_It,SEQ,124,WN11,2011,4,mytilus,5R,MYTCAL,Depth02,60,NA,RQ
SC_Rocky_It,SEQ,124,WN11,2011,4,mytilus,5R,MYTCAL,Depth03,40,NA,RQ
SC_Rocky_It,SEQ,124,WN11,2011,4,mytilus,5R,MYTCAL,Depth04,70,NA,RQ
SC_Rocky_It,SEQ,124,WN11,2011,4,mytilus,5R,MYTCAL,Depth05,0,NA,RQ
SC_Rocky_It,SHCO,121,SP11,2011,1,mytilus,1,MYTCAL,Depth01,23,NA,PP
SC_Rocky_It,SHCO,121,SP11,2011,1,mytilus,1,MYTCAL,Depth02,74,NA,PP
SC_Rocky_It,SHCO,121,SP11,2011,1,mytilus,1,MYTCAL,Depth03,32,NA,PP
SC_Rocky_It,SHCO,121,SP11,2011,1,mytilus,1,MYTCAL,Depth04,8,NA,PP
SC_Rocky_It,SHCO,121,SP11,2011,1,mytilus,1,MYTCAL,Depth05,1,NA,PP
SC_Rocky_It,SHCO,121,SP11,2011,1,mytilus,2,MYTCAL,Depth01,67,NA,PP
SC_Rocky_It,SHCO,121,SP11,2011,1,mytilus,2,MYTCAL,Depth02,91,NA,PP
SC_Rocky_It,SHCO,121,SP11,2011,1,mytilus,2,MYTCAL,Depth03,13,NA,PP
SC_Rocky_It,SHCO,121,SP11,2011,1,mytilus,2,MYTCAL,Depth04,15,NA,PP
SC_Rocky_It,SHCO,121,SP11,2011,1,mytilus,2,MYTCAL,Depth05,51,NA,PP
SC_Rocky_It,SHCO,121,SP11,2011,1,mytilus,3,MYTCAL,Depth01,52,NA,PP
SC_Rocky_It,SHCO,121,SP11,2011,1,mytilus,3,MYTCAL,Depth02,85,NA,PP
SC_Rocky_It,SHCO,121,SP11,2011,1,mytilus,3,MYTCAL,Depth03,79,NA,PP
SC_Rocky_It,SHCO,121,SP11,2011,1,mytilus,3,MYTCAL,Depth04,96,NA,PP
SC_Rocky_It,SHCO,121,SP11,2011,1,mytilus,4,MYTCAL,Depth01,60,NA,PP
SC_Rocky_It,SHCO,121,SP11,2011,1,mytilus,4,MYTCAL,Depth02,36,NA,PP
SC_Rocky_It,SHCO,121,SP11,2011,1,mytilus,4,MYTCAL,Depth03,104,NA,PP
SC_Rocky_It,SHCO,121,SP11,2011,1,mytilus,4,MYTCAL,Depth04,54,NA,PP
SC_Rocky_It,SHCO,121,SP11,2011,1,mytilus,4,MYTCAL,Depth05,66,NA,PP
SC_Rocky_It,SHCO,121,SP11,2011,1,mytilus,5,MYTCAL,Depth01,59,NA,PP
SC_Rocky_It,SHCO,121,SP11,2011,1,mytilus,5,MYTCAL,Depth02,34,NA,PP
SC_Rocky_It,SHCO,121,SP11,2011,1,mytilus,5,MYTCAL,Depth03,34,NA,PP
SC_Rocky_It,SHCO,121,SP11,2011,1,mytilus,5,MYTCAL,Depth04,81,NA,PP
SC_Rocky_It,SHCO,121,SP11,2011,1,mytilus,5,MYTCAL,Depth05,56,NA,PP
SC_Rocky_It,WISE,124,WN11,2011,4,mytilus,1R,MYTCAL,Depth01,60,NA,RQ
SC_Rocky_It,WISE,124,WN11,2011,4,mytilus,1R,MYTCAL,Depth02,20,NA,RQ
SC_Rocky_It,WISE,124,WN11,2011,4,mytilus,1R,MYTCAL,Depth03,40,NA,RQ
SC_Rocky_It,WISE,124,WN11,2011,4,mytilus,1R,MYTCAL,Depth04,40,NA,RQ
SC_Rocky_It,WISE,124,WN11,2011,4,mytilus,1R,MYTCAL,Depth05,40,NA,RQ
SC_Rocky_It,WISE,124,WN11,2011,4,mytilus,2R,MYTCAL,Depth01,40,NA,RQ
SC_Rocky_It,WISE,124,WN11,2011,4,mytilus,2R,MYTCAL,Depth02,20,NA,RQ
SC_Rocky_It,WISE,124,WN11,2011,4,mytilus,2R,MYTCAL,Depth03,40,NA,RQ
SC_Rocky_It,WISE,124,WN11,2011,4,mytilus,2R,MYTCAL,Depth04,20,NA,RQ
SC_Rocky_It,WISE,124,WN11,2011,4,mytilus,2R,MYTCAL,Depth05,30,NA,RQ
SC_Rocky_It,WISE,124,WN11,2011,4,mytilus,3R,MYTCAL,Depth01,130,NA,RQ
SC_Rocky_It,WISE,124,WN11,2011,4,mytilus,3R,MYTCAL,Depth02,100,NA,RQ
SC_Rocky_It,WISE,124,WN11,2011,4,mytilus,3R,MYTCAL,Depth03,120,NA,RQ
SC_Rocky_It,WISE,124,WN11,2011,4,mytilus,3R,MYTCAL,Depth04,130,NA,RQ
SC_Rocky_It,WISE,124,WN11,2011,4,mytilus,3R,MYTCAL,Depth05,110,NA,RQ
SC_Rocky_It,WISE,124,WN11,2011,4,mytilus,4R,MYTCAL,Depth01,110,NA,RQ
SC_Rocky_It,WISE,124,WN11,2011,4,mytilus,4R,MYTCAL,Depth02,20,NA,RQ
SC_Rocky_It,WISE,124,WN11,2011,4,mytilus,4R,MYTCAL,Depth03,30,NA,RQ
SC_Rocky_It,WISE,124,WN11,2011,4,mytilus,4R,MYTCAL,Depth04,30,NA,RQ
SC_Rocky_It,WISE,124,WN11,2011,4,mytilus,4R,MYTCAL,Depth05,30,NA,RQ
SC_Rocky_It,WISE,124,WN11,2011,4,mytilus,5R,MYTCAL,Depth01,60,NA,RQ
SC_Rocky_It,WISE,124,WN11,2011,4,mytilus,5R,MYTCAL,Depth02,160,NA,RQ
SC_Rocky_It,WISE,124,WN11,2011,4,mytilus,5R,MYTCAL,Depth03,20,NA,RQ
SC_Rocky_It,WISE,124,WN11,2011,4,mytilus,5R,MYTCAL,Depth04,60,NA,RQ
SC_Rocky_It,WISE,124,WN11,2011,4,mytilus,5R,MYTCAL,Depth05,40,NA,RQ
SC_Rocky_It,CRCO,131,FA13,2013,3,mytilus,1,MYTCAL,Depth01,,NOM,PP
SC_Rocky_It,CRCO,131,FA13,2013,3,mytilus,1,MYTCAL,Depth02,,NOM,PP
SC_Rocky_It,CRCO,131,FA13,2013,3,mytilus,1,MYTCAL,Depth03,,NOM,PP
SC_Rocky_It,CRCO,131,FA13,2013,3,mytilus,1,MYTCAL,Depth04,,NOM,PP
SC_Rocky_It,CRCO,131,FA13,2013,3,mytilus,1,MYTCAL,Depth05,,NOM,PP
SC_Rocky_It,CRCO,131,FA13,2013,3,mytilus,2,MYTCAL,Depth01,,NOM,PP
SC_Rocky_It,CRCO,131,FA13,2013,3,mytilus,2,MYTCAL,Depth02,,NOM,PP
SC_Rocky_It,CRCO,131,FA13,2013,3,mytilus,2,MYTCAL,Depth03,,NOM,PP
SC_Rocky_It,CRCO,131,FA13,2013,3,mytilus,2,MYTCAL,Depth04,,NOM,PP
SC_Rocky_It,CRCO,131,FA13,2013,3,mytilus,2,MYTCAL,Depth05,,NOM,PP
SC_Rocky_It,CRCO,131,FA13,2013,3,mytilus,3,MYTCAL,Depth01,,NOM,PP
SC_Rocky_It,CRCO,131,FA13,2013,3,mytilus,3,MYTCAL,Depth02,,NOM,PP
SC_Rocky_It,CRCO,131,FA13,2013,3,mytilus,3,MYTCAL,Depth03,,NOM,PP
SC_Rocky_It,CRCO,131,FA13,2013,3,mytilus,3,MYTCAL,Depth04,,NOM,PP
SC_Rocky_It,CRCO,131,FA13,2013,3,mytilus,3,MYTCAL,Depth05,,NOM,PP
SC_Rocky_It,CRCO,131,FA13,2013,3,mytilus,4,MYTCAL,Depth01,,NOM,PP
SC_Rocky_It,CRCO,131,FA13,2013,3,mytilus,4,MYTCAL,Depth02,,NOM,PP
SC_Rocky_It,CRCO,131,FA13,2013,3,mytilus,4,MYTCAL,Depth03,,NOM,PP
SC_Rocky_It,CRCO,131,FA13,2013,3,mytilus,4,MYTCAL,Depth04,,NOM,PP
SC_Rocky_It,CRCO,131,FA13,2013,3,mytilus,4,MYTCAL,Depth05,,NOM,PP
SC_Rocky_It,CRCO,131,FA13,2013,3,mytilus,5,MYTCAL,Depth01,,NOM,PP
SC_Rocky_It,CRCO,131,FA13,2013,3,mytilus,5,MYTCAL,Depth02,,NOM,PP
SC_Rocky_It,CRCO,131,FA13,2013,3,mytilus,5,MYTCAL,Depth03,,NOM,PP
SC_Rocky_It,CRCO,131,FA13,2013,3,mytilus,5,MYTCAL,Depth04,,NOM,PP
SC_Rocky_It,CRCO,131,FA13,2013,3,mytilus,5,MYTCAL,Depth05,,NOM,PP
SC_Rocky_It,CRCO,123,FA11,2011,3,mytilus,1,MYTCAL,Depth03,60,S,PP
SC_Rocky_It,CRCO,123,FA11,2011,3,mytilus,1,MYTCAL,Depth04,20,S,PP
SC_Rocky_It,CRCO,123,FA11,2011,3,mytilus,1,MYTCAL,Depth05,20,S,PP
SC_Rocky_It,CRCO,123,FA11,2011,3,mytilus,3,MYTCAL,Depth03,40,S,PP
SC_Rocky_It,CRCO,123,FA11,2011,3,mytilus,3,MYTCAL,Depth05,20,S,PP
SC_Rocky_It,CRCO,123,FA11,2011,3,mytilus,4,MYTCAL,Depth02,20,S,PP
SC_Rocky_It,CRCO,123,FA11,2011,3,mytilus,4,MYTCAL,Depth03,80,S,PP
SC_Rocky_It,CRCO,123,FA11,2011,3,mytilus,5,MYTCAL,Depth01,60,S,PP
SC_Rocky_It,CRCO,123,FA11,2011,3,mytilus,5,MYTCAL,Depth04,70,S,PP
SC_Rocky_It,ELWD,128,WN12,2012,4,mytilus,1R,MYTCAL,Depth01,70,S,RQ
SC_Rocky_It,ELWD,128,WN12,2012,4,mytilus,1R,MYTCAL,Depth02,50,S,RQ
SC_Rocky_It,ELWD,128,WN12,2012,4,mytilus,1R,MYTCAL,Depth03,40,S,RQ
SC_Rocky_It,ELWD,128,WN12,2012,4,mytilus,1R,MYTCAL,Depth04,30,S,RQ
SC_Rocky_It,ELWD,128,WN12,2012,4,mytilus,1R,MYTCAL,Depth05,40,S,RQ
SC_Rocky_It,ELWD,128,WN12,2012,4,mytilus,2R,MYTCAL,Depth01,50,S,RQ
SC_Rocky_It,ELWD,128,WN12,2012,4,mytilus,2R,MYTCAL,Depth02,50,S,RQ
SC_Rocky_It,ELWD,128,WN12,2012,4,mytilus,2R,MYTCAL,Depth03,60,S,RQ
SC_Rocky_It,ELWD,128,WN12,2012,4,mytilus,2R,MYTCAL,Depth04,60,S,RQ
SC_Rocky_It,ELWD,128,WN12,2012,4,mytilus,2R,MYTCAL,Depth05,50,S,RQ
SC_Rocky_It,ELWD,128,WN12,2012,4,mytilus,3R,MYTCAL,Depth01,40,S,RQ
SC_Rocky_It,ELWD,128,WN12,2012,4,mytilus,3R,MYTCAL,Depth02,50,S,RQ
SC_Rocky_It,ELWD,128,WN12,2012,4,mytilus,3R,MYTCAL,Depth03,60,S,RQ
SC_Rocky_It,ELWD,128,WN12,2012,4,mytilus,3R,MYTCAL,Depth04,50,S,RQ
SC_Rocky_It,ELWD,128,WN12,2012,4,mytilus,3R,MYTCAL,Depth05,40,S,RQ
SC_Rocky_It,ELWD,128,WN12,2012,4,mytilus,4R,MYTCAL,Depth01,70,S,RQ
SC_Rocky_It,ELWD,128,WN12,2012,4,mytilus,4R,MYTCAL,Depth02,60,S,RQ
SC_Rocky_It,ELWD,128,WN12,2012,4,mytilus,4R,MYTCAL,Depth03,70,S,RQ
SC_Rocky_It,ELWD,128,WN12,2012,4,mytilus,4R,MYTCAL,Depth04,60,S,RQ
SC_Rocky_It,ELWD,128,WN12,2012,4,mytilus,4R,MYTCAL,Depth05,70,S,RQ
SC_Rocky_It,ELWD,128,WN12,2012,4,mytilus,5R,MYTCAL,Depth01,50,S,RQ
SC_Rocky_It,ELWD,128,WN12,2012,4,mytilus,5R,MYTCAL,Depth02,80,S,RQ
SC_Rocky_It,ELWD,128,WN12,2012,4,mytilus,5R,MYTCAL,Depth03,50,S,RQ
SC_Rocky_It,ELWD,128,WN12,2012,4,mytilus,5R,MYTCAL,Depth04,60,S,RQ
SC_Rocky_It,ELWD,128,WN12,2012,4,mytilus,5R,MYTCAL,Depth05,50,S,RQ
SC_Rocky_It,LEC,128,WN12,2012,4,mytilus,1R,MYTCAL,Depth01,40,S,RQ
SC_Rocky_It,LEC,128,WN12,2012,4,mytilus,1R,MYTCAL,Depth02,50,S,RQ
SC_Rocky_It,LEC,128,WN12,2012,4,mytilus,1R,MYTCAL,Depth03,30,S,RQ
SC_Rocky_It,LEC,128,WN12,2012,4,mytilus,1R,MYTCAL,Depth04,50,S,RQ
SC_Rocky_It,LEC,128,WN12,2012,4,mytilus,1R,MYTCAL,Depth05,60,S,RQ
SC_Rocky_It,LEC,128,WN12,2012,4,mytilus,4R,MYTCAL,Depth01,40,S,RQ
SC_Rocky_It,LEC,128,WN12,2012,4,mytilus,5R,MYTCAL,Depth05,50,S,RQ
SC_Rocky_It,PTVC,128,WN12,2012,4,mytilus,1R,MYTCAL,Depth01,50,S,RQ
SC_Rocky_It,PTVC,128,WN12,2012,4,mytilus,1R,MYTCAL,Depth02,40,S,RQ
SC_Rocky_It,PTVC,128,WN12,2012,4,mytilus,1R,MYTCAL,Depth03,60,S,RQ
SC_Rocky_It,PTVC,128,WN12,2012,4,mytilus,1R,MYTCAL,Depth04,50,S,RQ
SC_Rocky_It,PTVC,128,WN12,2012,4,mytilus,1R,MYTCAL,Depth05,50,S,RQ
SC_Rocky_It,PTVC,128,WN12,2012,4,mytilus,2R,MYTCAL,Depth01,40,S,RQ
SC_Rocky_It,PTVC,128,WN12,2012,4,mytilus,2R,MYTCAL,Depth02,60,S,RQ
SC_Rocky_It,PTVC,128,WN12,2012,4,mytilus,2R,MYTCAL,Depth03,60,S,RQ
SC_Rocky_It,PTVC,128,WN12,2012,4,mytilus,2R,MYTCAL,Depth04,50,S,RQ
SC_Rocky_It,PTVC,128,WN12,2012,4,mytilus,2R,MYTCAL,Depth05,40,S,RQ
SC_Rocky_It,PTVC,128,WN12,2012,4,mytilus,3R,MYTCAL,Depth01,40,S,RQ
SC_Rocky_It,PTVC,128,WN12,2012,4,mytilus,3R,MYTCAL,Depth02,50,S,RQ
SC_Rocky_It,PTVC,128,WN12,2012,4,mytilus,3R,MYTCAL,Depth03,50,S,RQ
SC_Rocky_It,PTVC,128,WN12,2012,4,mytilus,3R,MYTCAL,Depth04,60,S,RQ
SC_Rocky_It,PTVC,128,WN12,2012,4,mytilus,3R,MYTCAL,Depth05,60,S,RQ
SC_Rocky_It,PTVC,128,WN12,2012,4,mytilus,4R,MYTCAL,Depth01,40,S,RQ
SC_Rocky_It,PTVC,128,WN12,2012,4,mytilus,4R,MYTCAL,Depth02,60,S,RQ
SC_Rocky_It,PTVC,128,WN12,2012,4,mytilus,4R,MYTCAL,Depth03,60,S,RQ
SC_Rocky_It,PTVC,128,WN12,2012,4,mytilus,4R,MYTCAL,Depth04,40,S,RQ
SC_Rocky_It,PTVC,128,WN12,2012,4,mytilus,4R,MYTCAL,Depth05,50,S,RQ
SC_Rocky_It,PTVC,128,WN12,2012,4,mytilus,5R,MYTCAL,Depth01,40,S,RQ
SC_Rocky_It,PTVC,128,WN12,2012,4,mytilus,5R,MYTCAL,Depth02,60,S,RQ
SC_Rocky_It,PTVC,128,WN12,2012,4,mytilus,5R,MYTCAL,Depth03,30,S,RQ
SC_Rocky_It,PTVC,128,WN12,2012,4,mytilus,5R,MYTCAL,Depth04,40,S,RQ
SC_Rocky_It,PTVC,128,WN12,2012,4,mytilus,5R,MYTCAL,Depth05,20,S,RQ
SC_Rocky_It,SEQ,128,WN12,2012,4,mytilus,1R,MYTCAL,Depth01,70,S,RQ
SC_Rocky_It,SEQ,128,WN12,2012,4,mytilus,1R,MYTCAL,Depth02,50,S,RQ
SC_Rocky_It,SEQ,128,WN12,2012,4,mytilus,1R,MYTCAL,Depth03,50,S,RQ
SC_Rocky_It,SEQ,128,WN12,2012,4,mytilus,1R,MYTCAL,Depth04,70,S,RQ
SC_Rocky_It,SEQ,128,WN12,2012,4,mytilus,1R,MYTCAL,Depth05,60,S,RQ
SC_Rocky_It,SEQ,128,WN12,2012,4,mytilus,2R,MYTCAL,Depth01,100,S,RQ
SC_Rocky_It,SEQ,128,WN12,2012,4,mytilus,2R,MYTCAL,Depth02,70,S,RQ
SC_Rocky_It,SEQ,128,WN12,2012,4,mytilus,2R,MYTCAL,Depth03,60,S,RQ
SC_Rocky_It,SEQ,128,WN12,2012,4,mytilus,2R,MYTCAL,Depth04,60,S,RQ
SC_Rocky_It,SEQ,128,WN12,2012,4,mytilus,2R,MYTCAL,Depth05,50,S,RQ
SC_Rocky_It,SEQ,128,WN12,2012,4,mytilus,3R,MYTCAL,Depth04,70,S,RQ
SC_Rocky_It,SEQ,128,WN12,2012,4,mytilus,3R,MYTCAL,Depth05,70,S,RQ
SC_Rocky_It,SEQ,128,WN12,2012,4,mytilus,4R,MYTCAL,Depth03,70,S,RQ
SC_Rocky_It,SEQ,128,WN12,2012,4,mytilus,4R,MYTCAL,Depth04,50,S,RQ
SC_Rocky_It,SEQ,128,WN12,2012,4,mytilus,4R,MYTCAL,Depth05,50,S,RQ
SC_Rocky_It,SEQ,128,WN12,2012,4,mytilus,5R,MYTCAL,Depth02,40,S,RQ
SC_Rocky_It,SEQ,128,WN12,2012,4,mytilus,5R,MYTCAL,Depth03,50,S,RQ
SC_Rocky_It,SEQ,128,WN12,2012,4,mytilus,5R,MYTCAL,Depth04,80,S,RQ
SC_Rocky_It,SEQ,128,WN12,2012,4,mytilus,5R,MYTCAL,Depth05,60,S,RQ
SC_Rocky_It,SHCO,123,FA11,2011,3,mytilus,1,MYTCAL,Depth01,10,S,PP
SC_Rocky_It,SHCO,123,FA11,2011,3,mytilus,1,MYTCAL,Depth02,10,S,PP
SC_Rocky_It,SHCO,123,FA11,2011,3,mytilus,1,MYTCAL,Depth04,20,S,PP
SC_Rocky_It,SHCO,123,FA11,2011,3,mytilus,2,MYTCAL,Depth04,10,S,PP
SC_Rocky_It,SHCO,123,FA11,2011,3,mytilus,2,MYTCAL,Depth05,1,S,PP
SC_Rocky_It,SHCO,123,FA11,2011,3,mytilus,3,MYTCAL,Depth01,50,S,PP
SC_Rocky_It,SHCO,123,FA11,2011,3,mytilus,4,MYTCAL,Depth02,20,S,PP
SC_Rocky_It,SHCO,123,FA11,2011,3,mytilus,5,MYTCAL,Depth02,70,S,PP
SC_Rocky_It,SHCO,123,FA11,2011,3,mytilus,5,MYTCAL,Depth04,30,S,PP
SC_Rocky_It,WISE,128,WN12,2012,4,mytilus,1R,MYTCAL,Depth02,50,S,RQ
SC_Rocky_It,WISE,128,WN12,2012,4,mytilus,1R,MYTCAL,Depth03,40,S,RQ
SC_Rocky_It,WISE,128,WN12,2012,4,mytilus,1R,MYTCAL,Depth04,60,S,RQ
SC_Rocky_It,WISE,128,WN12,2012,4,mytilus,1R,MYTCAL,Depth05,70,S,RQ
SC_Rocky_It,WISE,128,WN12,2012,4,mytilus,2R,MYTCAL,Depth01,60,S,RQ
SC_Rocky_It,WISE,128,WN12,2012,4,mytilus,2R,MYTCAL,Depth02,40,S,RQ
SC_Rocky_It,WISE,128,WN12,2012,4,mytilus,2R,MYTCAL,Depth03,50,S,RQ
SC_Rocky_It,WISE,128,WN12,2012,4,mytilus,2R,MYTCAL,Depth04,40,S,RQ
SC_Rocky_It,WISE,128,WN12,2012,4,mytilus,2R,MYTCAL,Depth05,50,S,RQ
SC_Rocky_It,WISE,128,WN12,2012,4,mytilus,3R,MYTCAL,Depth01,60,S,RQ
SC_Rocky_It,WISE,128,WN12,2012,4,mytilus,3R,MYTCAL,Depth02,60,S,RQ
SC_Rocky_It,WISE,128,WN12,2012,4,mytilus,3R,MYTCAL,Depth03,70,S,RQ
SC_Rocky_It,WISE,128,WN12,2012,4,mytilus,3R,MYTCAL,Depth04,70,S,RQ
SC_Rocky_It,WISE,128,WN12,2012,4,mytilus,3R,MYTCAL,Depth05,110,S,RQ
SC_Rocky_It,WISE,128,WN12,2012,4,mytilus,4R,MYTCAL,Depth01,140,S,RQ
SC_Rocky_It,WISE,128,WN12,2012,4,mytilus,4R,MYTCAL,Depth02,130,S,RQ
SC_Rocky_It,WISE,128,WN12,2012,4,mytilus,4R,MYTCAL,Depth03,100,S,RQ
SC_Rocky_It,WISE,128,WN12,2012,4,mytilus,4R,MYTCAL,Depth04,50,S,RQ
SC_Rocky_It,WISE,128,WN12,2012,4,mytilus,4R,MYTCAL,Depth05,60,S,RQ
