SC_project_short_code,cbs_site_code,survey_rep,section,transect,interval_m,angle,line_length_m
SC_Rocky_It,35,1,1,0,0.25,180,30
SC_Rocky_It,35,1,1,3,0.25,180,29.5
SC_Rocky_It,35,1,1,6,0.25,180,29
SC_Rocky_It,35,1,1,9,0.25,180,28
SC_Rocky_It,35,1,1,12,0.25,180,28.5
SC_Rocky_It,35,1,2,15,0.25,180,22
SC_Rocky_It,35,1,2,18,0.25,180,21
SC_Rocky_It,35,1,2,21,0.25,180,20
SC_Rocky_It,35,1,2,24,0.25,180,20
SC_Rocky_It,35,1,2,27,0.25,180,19
SC_Rocky_It,35,1,2,30,0.25,180,19
SC_Rocky_It,35,2,1,0,0.25,180,30
SC_Rocky_It,35,2,1,3,0.25,180,30
SC_Rocky_It,35,2,1,6,0.25,180,30
SC_Rocky_It,35,2,1,9,0.25,180,28
SC_Rocky_It,35,2,1,12,0.25,180,28.5
SC_Rocky_It,35,2,2,15,0.25,180,24
SC_Rocky_It,35,2,2,18,0.25,180,24
SC_Rocky_It,35,2,2,21,0.25,180,25
SC_Rocky_It,35,2,2,24,0.25,180,25
SC_Rocky_It,35,2,2,27,0.25,180,25
SC_Rocky_It,35,2,2,30,0.25,180,21
SC_Rocky_It,37,1,1,0,0.2,150,18
SC_Rocky_It,37,1,1,3,0.2,150,18
SC_Rocky_It,37,1,1,6,0.2,150,18
SC_Rocky_It,37,1,1,9,0.2,150,18.4
SC_Rocky_It,37,1,1,12,0.2,150,21
SC_Rocky_It,37,1,1,15,0.2,150,20
SC_Rocky_It,37,1,1,18,0.2,150,20
SC_Rocky_It,37,1,1,21,0.2,150,20
SC_Rocky_It,37,1,1,24,0.2,150,20
SC_Rocky_It,37,1,1,27,0.2,150,20
SC_Rocky_It,37,1,1,30,0.2,150,20
SC_Rocky_It,37,2,1,0,0.2,150,20
SC_Rocky_It,37,2,1,3,0.2,150,20
SC_Rocky_It,37,2,1,6,0.2,150,20
SC_Rocky_It,37,2,1,9,0.2,150,19
SC_Rocky_It,37,2,1,12,0.2,150,21
SC_Rocky_It,37,2,1,15,0.2,150,21
SC_Rocky_It,37,2,1,18,0.2,150,21
SC_Rocky_It,37,2,1,21,0.2,150,20
SC_Rocky_It,37,2,1,24,0.2,150,20
SC_Rocky_It,37,2,1,27,0.2,150,20
SC_Rocky_It,37,2,1,30,0.2,150,20
SC_Rocky_It,38,1,1,0,0.33,155,37
SC_Rocky_It,38,1,1,3,0.33,155,37
SC_Rocky_It,38,1,1,6,0.33,155,37
SC_Rocky_It,38,1,1,9,0.33,155,37
SC_Rocky_It,38,1,1,12,0.33,155,37.33
SC_Rocky_It,38,1,1,15,0.33,155,38
SC_Rocky_It,38,1,1,18,0.33,155,38
SC_Rocky_It,38,1,1,21,0.33,155,38
SC_Rocky_It,38,1,1,24,0.33,155,41
SC_Rocky_It,38,1,1,27,0.33,155,34.33
SC_Rocky_It,38,1,1,30,0.33,155,34
SC_Rocky_It,38,2,1,0,0.33,155,39.66
SC_Rocky_It,38,2,1,3,0.33,155,39
SC_Rocky_It,38,2,1,6,0.33,155,40
SC_Rocky_It,38,2,1,9,0.33,155,40
SC_Rocky_It,38,2,1,12,0.33,155,39.66
SC_Rocky_It,38,2,1,15,0.33,155,40.33
SC_Rocky_It,38,2,1,18,0.33,155,40.66
SC_Rocky_It,38,2,1,21,0.33,155,33
SC_Rocky_It,38,2,1,24,0.33,155,36
SC_Rocky_It,38,2,1,27,0.33,155,35
SC_Rocky_It,38,2,1,30,0.33,155,35
SC_Rocky_It,38,3,1,0,0.33,155,40
SC_Rocky_It,38,3,1,3,0.33,155,39
SC_Rocky_It,38,3,1,6,0.33,155,40
SC_Rocky_It,38,3,1,9,0.33,155,40
SC_Rocky_It,38,3,1,12,0.33,155,40
SC_Rocky_It,38,3,1,15,0.33,155,37
SC_Rocky_It,38,3,1,18,0.33,155,39.66
SC_Rocky_It,38,3,1,21,0.33,155,34.33
SC_Rocky_It,38,3,1,24,0.33,155,35
SC_Rocky_It,38,3,1,27,0.33,155,35
SC_Rocky_It,38,3,1,30,0.33,155,34.66
SC_Rocky_It,38,4,1,0,0.33,155,35
SC_Rocky_It,38,4,1,3,0.33,155,34.33
SC_Rocky_It,38,4,1,6,0.33,155,33
SC_Rocky_It,38,4,1,9,0.33,155,33
SC_Rocky_It,38,4,1,12,0.33,155,31
SC_Rocky_It,38,4,1,15,0.33,155,33
SC_Rocky_It,38,4,1,18,0.33,155,33
SC_Rocky_It,38,4,1,21,0.33,155,32
SC_Rocky_It,38,4,1,24,0.33,155,33
SC_Rocky_It,38,4,1,27,0.33,155,32
SC_Rocky_It,38,4,1,30,0.33,155,30
SC_Rocky_It,39,1,1,0,0.5,175,50
SC_Rocky_It,39,1,1,3,0.5,175,50
SC_Rocky_It,39,1,1,6,0.5,175,50
SC_Rocky_It,39,1,1,9,0.5,175,50
SC_Rocky_It,39,1,1,12,0.5,175,50
SC_Rocky_It,39,1,1,15,0.5,175,50
SC_Rocky_It,39,1,1,18,0.5,175,50
SC_Rocky_It,39,1,1,21,0.5,175,50
SC_Rocky_It,39,1,1,24,0.5,175,50
SC_Rocky_It,39,1,1,27,0.5,175,50
SC_Rocky_It,39,1,1,30,0.5,175,50
SC_Rocky_It,39,2,1,0,0.5,175,50
SC_Rocky_It,39,2,1,3,0.5,175,50
SC_Rocky_It,39,2,1,6,0.5,175,50
SC_Rocky_It,39,2,1,9,0.5,175,50
SC_Rocky_It,39,2,1,12,0.5,175,50
SC_Rocky_It,39,2,1,15,0.5,175,50
SC_Rocky_It,39,2,1,18,0.5,175,50
SC_Rocky_It,39,2,1,21,0.5,175,50
SC_Rocky_It,39,2,1,24,0.5,175,50
SC_Rocky_It,39,2,1,27,0.5,175,50
SC_Rocky_It,39,2,1,30,0.5,175,50
SC_Rocky_It,39,3,1,0,0.5,175,50
SC_Rocky_It,39,3,1,3,0.5,175,50
SC_Rocky_It,39,3,1,6,0.5,175,50
SC_Rocky_It,39,3,1,9,0.5,175,50
SC_Rocky_It,39,3,1,12,0.5,175,50
SC_Rocky_It,39,3,1,15,0.5,175,50
SC_Rocky_It,39,3,1,18,0.5,175,50
SC_Rocky_It,39,3,1,21,0.5,175,50
SC_Rocky_It,39,3,1,24,0.5,175,50
SC_Rocky_It,39,3,1,27,0.5,175,50
SC_Rocky_It,39,3,1,30,0.5,175,50
SC_Rocky_It,39,4,1,0,0.5,175,50
SC_Rocky_It,39,4,1,3,0.5,175,50
SC_Rocky_It,39,4,1,6,0.5,175,50
SC_Rocky_It,39,4,1,9,0.5,175,50
SC_Rocky_It,39,4,1,12,0.5,175,50
SC_Rocky_It,39,4,1,15,0.5,175,50
SC_Rocky_It,39,4,1,18,0.5,175,50
SC_Rocky_It,39,4,1,21,0.5,175,50
SC_Rocky_It,39,4,1,24,0.5,175,50
SC_Rocky_It,39,4,1,27,0.5,175,50
SC_Rocky_It,39,4,1,30,0.5,175,50
SC_Rocky_It,40,1,1,0,0.5,195,50
SC_Rocky_It,40,1,1,3,0.5,195,50
SC_Rocky_It,40,1,1,6,0.5,195,50
SC_Rocky_It,40,1,1,9,0.5,195,50.5
SC_Rocky_It,40,1,1,12,0.5,195,50
SC_Rocky_It,40,1,1,15,0.5,195,50
SC_Rocky_It,40,1,1,18,0.5,195,51
SC_Rocky_It,40,1,1,21,0.5,195,50
SC_Rocky_It,40,1,1,24,0.5,195,50.5
SC_Rocky_It,40,1,1,27,0.5,195,50
SC_Rocky_It,40,1,2,30,0.5,,50
SC_Rocky_It,40,2,1,0,0.5,195,50
SC_Rocky_It,40,2,1,3,0.5,195,50
SC_Rocky_It,40,2,1,6,0.5,195,50
SC_Rocky_It,40,2,1,9,0.5,195,50
SC_Rocky_It,40,2,1,12,0.5,195,50
SC_Rocky_It,40,2,1,15,0.5,195,50
SC_Rocky_It,40,2,1,18,0.5,195,50
SC_Rocky_It,40,2,1,21,0.5,195,50
SC_Rocky_It,40,2,1,24,0.5,195,50
SC_Rocky_It,40,2,1,27,0.5,195,38
SC_Rocky_It,40,2,2,30,0.5,,37
SC_Rocky_It,40,3,1,0,0.5,195,34
SC_Rocky_It,40,3,1,3,0.5,195,33.9
SC_Rocky_It,40,3,1,6,0.5,195,39
SC_Rocky_It,40,3,1,9,0.5,195,38
SC_Rocky_It,40,3,1,12,0.5,195,40
SC_Rocky_It,40,3,1,15,0.5,195,38.3
SC_Rocky_It,40,3,1,18,0.5,195,39.5
SC_Rocky_It,40,3,1,21,0.5,195,41.5
SC_Rocky_It,40,3,1,24,0.5,195,42
SC_Rocky_It,40,3,1,27,0.5,195,38
SC_Rocky_It,40,3,2,30,0.5,,50
SC_Rocky_It,41,1,1,0,0.2,170,20
SC_Rocky_It,41,1,1,3,0.2,170,20
SC_Rocky_It,41,1,1,6,0.2,170,21
SC_Rocky_It,41,1,1,9,0.2,170,21
SC_Rocky_It,41,1,1,12,0.2,170,21
SC_Rocky_It,41,1,1,15,0.2,170,20
SC_Rocky_It,41,1,1,18,0.2,170,20
SC_Rocky_It,41,1,1,21,0.2,170,20
SC_Rocky_It,41,1,1,24,0.2,170,20
SC_Rocky_It,41,1,1,27,0.2,170,23
SC_Rocky_It,41,1,1,30,0.2,170,20
SC_Rocky_It,42,1,1,0,0.2,170,22
SC_Rocky_It,42,1,1,3,0.2,170,22
SC_Rocky_It,42,1,1,6,0.2,170,22
SC_Rocky_It,42,1,2,9,0.2,150,34.8
SC_Rocky_It,42,1,2,12,0.2,150,33.4
SC_Rocky_It,42,1,2,15,0.2,150,34
SC_Rocky_It,42,1,2,18,0.2,150,30.4
SC_Rocky_It,42,1,2,21,0.2,150,17.2
SC_Rocky_It,42,1,2,24,0.2,150,13
SC_Rocky_It,42,1,2,27,0.2,150,15.8
SC_Rocky_It,42,1,2,30,0.2,150,12
SC_Rocky_It,42,2,1,0,0.2,170,22
SC_Rocky_It,42,2,1,3,0.2,170,0
SC_Rocky_It,42,2,1,6,0.2,170,20.2
SC_Rocky_It,42,2,2,9,0.2,150,16
SC_Rocky_It,42,2,2,12,0.2,150,0
SC_Rocky_It,42,2,2,15,0.2,150,0
SC_Rocky_It,42,2,2,18,0.2,150,15.2
SC_Rocky_It,42,2,2,21,0.2,150,13.6
SC_Rocky_It,42,2,2,24,0.2,150,0
SC_Rocky_It,42,2,2,27,0.2,150,14.2
SC_Rocky_It,42,2,2,30,0.2,150,14.2
SC_Rocky_It,42,3,1,0,0.2,170,22
SC_Rocky_It,42,3,1,3,0.2,170,22
SC_Rocky_It,42,3,1,6,0.2,170,22
SC_Rocky_It,42,3,2,9,0.2,150,17
SC_Rocky_It,42,3,2,12,0.2,150,16.8
SC_Rocky_It,42,3,2,15,0.2,150,17.6
SC_Rocky_It,42,3,2,18,0.2,150,16
SC_Rocky_It,42,3,2,21,0.2,150,20
SC_Rocky_It,42,3,2,24,0.2,150,15
SC_Rocky_It,42,3,2,27,0.2,150,15
SC_Rocky_It,42,3,2,30,0.2,150,14.2
SC_Rocky_It,43,1,1,0,0.1,20,10.1
SC_Rocky_It,43,1,1,3,0.1,20,10
SC_Rocky_It,43,1,1,6,0.1,20,11
SC_Rocky_It,43,1,1,9,0.1,20,12
SC_Rocky_It,43,1,1,12,0.1,20,12
SC_Rocky_It,43,1,2,15,0.1,20,13
SC_Rocky_It,43,1,2,18,0.1,20,10
SC_Rocky_It,43,1,2,21,0.1,20,10
SC_Rocky_It,43,1,2,24,0.1,20,10
SC_Rocky_It,43,1,2,26.5,0.1,20,10
SC_Rocky_It,43,1,2,30,0.1,20,9
SC_Rocky_It,43,2,1,0,0.1,20,10
SC_Rocky_It,43,2,1,3,0.1,20,10
SC_Rocky_It,43,2,1,6,0.1,20,11
SC_Rocky_It,43,2,1,9,0.1,20,11
SC_Rocky_It,43,2,1,12,0.1,20,11
SC_Rocky_It,43,2,2,15,0.1,20,13
SC_Rocky_It,43,2,2,18,0.1,20,13.3
SC_Rocky_It,43,2,2,21,0.1,20,11
SC_Rocky_It,43,2,2,24,0.1,20,10
SC_Rocky_It,43,2,2,26.5,0.1,20,10
SC_Rocky_It,43,2,2,30,0.1,20,9
SC_Rocky_It,43,3,1,0,0.1,20,9
SC_Rocky_It,43,3,1,3,0.1,20,10
SC_Rocky_It,43,3,1,6,0.1,20,10
SC_Rocky_It,43,3,1,9,0.1,20,10
SC_Rocky_It,43,3,1,12,0.1,20,10
SC_Rocky_It,43,3,2,15,0.1,20,13
SC_Rocky_It,43,3,2,18,0.1,20,13
SC_Rocky_It,43,3,2,21,0.1,20,11
SC_Rocky_It,43,3,2,24,0.1,20,10
SC_Rocky_It,43,3,2,26.5,0.1,20,10
SC_Rocky_It,43,3,2,30,0.1,20,10
SC_Rocky_It,43,4,1,0,0.1,20,10
SC_Rocky_It,43,4,1,3,0.1,20,10
SC_Rocky_It,43,4,1,6,0.1,20,10
SC_Rocky_It,43,4,1,9,0.1,20,10.1
SC_Rocky_It,43,4,1,12,0.1,20,10
SC_Rocky_It,43,4,2,15,0.1,20,13
SC_Rocky_It,43,4,2,18,0.1,20,13
SC_Rocky_It,43,4,2,21,0.1,20,11
SC_Rocky_It,43,4,2,24,0.1,20,11
SC_Rocky_It,43,4,2,26.5,0.1,20,10
SC_Rocky_It,43,4,2,30,0.1,20,10.1
SC_Rocky_It,44,1,1,0,0.25,60,25
SC_Rocky_It,44,1,1,3,0.25,60,25
SC_Rocky_It,44,1,1,6,0.25,60,25
SC_Rocky_It,44,1,2,9,0.25,190,25
SC_Rocky_It,44,1,2,12,0.25,190,21
SC_Rocky_It,44,1,2,15,0.25,190,25
SC_Rocky_It,44,1,2,18,0.25,190,25
SC_Rocky_It,44,1,2,21,0.25,190,25
SC_Rocky_It,44,1,2,24,0.25,190,25
SC_Rocky_It,44,1,2,27,0.25,190,25
SC_Rocky_It,44,1,2,30,0.25,190,25
SC_Rocky_It,44,2,1,0,0.25,60,0
SC_Rocky_It,44,2,1,3,0.25,60,0
SC_Rocky_It,44,2,1,6,0.25,60,0
SC_Rocky_It,44,2,2,9,0.25,190,0
SC_Rocky_It,44,2,2,12,0.25,190,18
SC_Rocky_It,44,2,2,15,0.25,190,24
SC_Rocky_It,44,2,2,18,0.25,190,29
SC_Rocky_It,44,2,2,21,0.25,190,0
SC_Rocky_It,44,2,2,24,0.25,190,25
SC_Rocky_It,44,2,2,27,0.25,190,27
SC_Rocky_It,44,2,2,30,0.25,190,29.5
SC_Rocky_It,45,1,1,0,0.5,133,45
SC_Rocky_It,45,1,1,3,0.5,133,49
SC_Rocky_It,45,1,1,6,0.5,133,49
SC_Rocky_It,45,1,1,9,0.5,133,49
SC_Rocky_It,45,1,1,12,0.5,133,45
SC_Rocky_It,45,1,1,15,0.5,133,49
SC_Rocky_It,45,1,1,18,0.5,133,45.5
SC_Rocky_It,45,1,2,21,0.5,115,35
SC_Rocky_It,45,1,2,24,0.5,115,39
SC_Rocky_It,45,1,2,27,0.5,115,38
SC_Rocky_It,45,1,2,30,0.5,115,40
SC_Rocky_It,45,2,1,0,0.5,133,45
SC_Rocky_It,45,2,1,3,0.5,133,49
SC_Rocky_It,45,2,1,6,0.5,133,49
SC_Rocky_It,45,2,1,9,0.5,133,49
SC_Rocky_It,45,2,1,12,0.5,133,49
SC_Rocky_It,45,2,1,15,0.5,133,50
SC_Rocky_It,45,2,1,18,0.5,133,50
SC_Rocky_It,45,2,2,21,0.5,115,35
SC_Rocky_It,45,2,2,24,0.5,115,38.5
SC_Rocky_It,45,2,2,27,0.5,115,38
SC_Rocky_It,45,2,2,30,0.5,115,39
SC_Rocky_It,46,1,1,0,0.33,210,27
SC_Rocky_It,46,1,1,3,0.33,210,36
SC_Rocky_It,46,1,1,6,0.33,210,33
SC_Rocky_It,46,1,1,9,0.33,210,33
SC_Rocky_It,46,1,1,12,0.33,210,31.33
SC_Rocky_It,46,1,1,15,0.33,210,34
SC_Rocky_It,46,1,1,18,0.33,210,33.66
SC_Rocky_It,46,1,1,21,0.33,210,31.66
SC_Rocky_It,46,1,1,24,0.33,210,32
SC_Rocky_It,46,1,1,27,0.33,210,33
SC_Rocky_It,46,1,1,30,0.33,210,33
SC_Rocky_It,46,2,1,0,0.33,210,33
SC_Rocky_It,46,2,1,3,0.33,210,33
SC_Rocky_It,46,2,1,6,0.33,210,33
SC_Rocky_It,46,2,1,9,0.33,210,35
SC_Rocky_It,46,2,1,12,0.33,210,40.33
SC_Rocky_It,46,2,1,15,0.33,210,35.66
SC_Rocky_It,46,2,1,18,0.33,210,35.33
SC_Rocky_It,46,2,1,21,0.33,210,37
SC_Rocky_It,46,2,1,24,0.33,210,37
SC_Rocky_It,46,2,1,27,0.33,210,38
SC_Rocky_It,46,2,1,30,0.33,210,37
SC_Rocky_It,46,3,1,0,0.33,210,33
SC_Rocky_It,46,3,1,3,0.33,210,33
SC_Rocky_It,46,3,1,6,0.33,210,33
SC_Rocky_It,46,3,1,9,0.33,210,34
SC_Rocky_It,46,3,1,12,0.33,210,33
SC_Rocky_It,46,3,1,15,0.33,210,33.33
SC_Rocky_It,46,3,1,18,0.33,210,33.33
SC_Rocky_It,46,3,1,21,0.33,210,37
SC_Rocky_It,46,3,1,24,0.33,210,37
SC_Rocky_It,46,3,1,27,0.33,210,38
SC_Rocky_It,46,3,1,30,0.33,210,37
SC_Rocky_It,46,4,1,0,0.33,210,37
SC_Rocky_It,46,4,1,3,0.33,210,36
SC_Rocky_It,46,4,1,6,0.33,210,33
SC_Rocky_It,46,4,1,9,0.33,210,35.33
SC_Rocky_It,46,4,1,12,0.33,210,39.66
SC_Rocky_It,46,4,1,15,0.33,210,34
SC_Rocky_It,46,4,1,18,0.33,210,34.66
SC_Rocky_It,46,4,1,21,0.33,210,35
SC_Rocky_It,46,4,1,24,0.33,210,37
SC_Rocky_It,46,4,1,27,0.33,210,37
SC_Rocky_It,46,4,1,30,0.33,210,37
SC_Rocky_It,46,5,1,0,0.33,210,37
SC_Rocky_It,46,5,1,3,0.33,210,36
SC_Rocky_It,46,5,1,6,0.33,210,33
SC_Rocky_It,46,5,1,9,0.33,210,35.3
SC_Rocky_It,46,5,1,12,0.33,210,38
SC_Rocky_It,46,5,1,15,0.33,210,34
SC_Rocky_It,46,5,1,18,0.33,210,34.66
SC_Rocky_It,46,5,1,21,0.33,210,37
SC_Rocky_It,46,5,1,24,0.33,210,37
SC_Rocky_It,46,5,1,27,0.33,210,36.3
SC_Rocky_It,46,5,1,30,0.33,210,36.4
SC_Rocky_It,47,1,1,0,0.1,140,11.7
SC_Rocky_It,47,1,1,3,0.1,140,11
SC_Rocky_It,47,1,1,6,0.1,140,9.5
SC_Rocky_It,47,1,1,9,0.1,140,11
SC_Rocky_It,47,1,1,12,0.1,140,11
SC_Rocky_It,47,1,1,15,0.1,140,10
SC_Rocky_It,47,1,1,18,0.1,140,14
SC_Rocky_It,47,1,1,21,0.1,140,13.7
SC_Rocky_It,47,1,1,24,0.1,140,15
SC_Rocky_It,47,1,1,27,0.1,140,16
SC_Rocky_It,47,1,1,30,0.1,140,13
SC_Rocky_It,47,2,1,0,0.1,140,11.5
SC_Rocky_It,47,2,1,3,0.1,140,12
SC_Rocky_It,47,2,1,6,0.1,140,10.6
SC_Rocky_It,47,2,1,9,0.1,140,12.5
SC_Rocky_It,47,2,1,12,0.1,140,12
SC_Rocky_It,47,2,1,15,0.1,140,12.4
SC_Rocky_It,47,2,1,18,0.1,140,15.5
SC_Rocky_It,47,2,1,21,0.1,140,16.5
SC_Rocky_It,47,2,1,24,0.1,140,16
SC_Rocky_It,47,2,1,27,0.1,140,17.2
SC_Rocky_It,47,2,1,30,0.1,140,14.3
SC_Rocky_It,47,3,1,0,0.1,140,11.8
SC_Rocky_It,47,3,1,3,0.1,140,11.8
SC_Rocky_It,47,3,1,6,0.1,140,10.5
SC_Rocky_It,47,3,1,9,0.1,140,12
SC_Rocky_It,47,3,1,12,0.1,140,12
SC_Rocky_It,47,3,1,15,0.1,140,11.5
SC_Rocky_It,47,3,1,18,0.1,140,15.5
SC_Rocky_It,47,3,1,21,0.1,140,16.5
SC_Rocky_It,47,3,1,24,0.1,140,16
SC_Rocky_It,47,3,1,27,0.1,140,16
SC_Rocky_It,47,3,1,30,0.1,140,16
SC_Rocky_It,47,4,1,0,0.1,140,11.8
SC_Rocky_It,47,4,1,3,0.1,140,12
SC_Rocky_It,47,4,1,6,0.1,140,9.5
SC_Rocky_It,47,4,1,9,0.1,140,12.5
SC_Rocky_It,47,4,1,12,0.1,140,12
SC_Rocky_It,47,4,1,15,0.1,140,11.5
SC_Rocky_It,47,4,1,18,0.1,140,14.5
SC_Rocky_It,47,4,1,21,0.1,140,15.5
SC_Rocky_It,47,4,1,24,0.1,140,14
SC_Rocky_It,47,4,1,27,0.1,140,17.2
SC_Rocky_It,47,4,1,30,0.1,140,16
SC_Rocky_It,48,1,1,0,0.25,170,25
SC_Rocky_It,48,1,1,3,0.25,170,27
SC_Rocky_It,48,1,1,6,0.25,170,29
SC_Rocky_It,48,1,1,9,0.25,170,27.25
SC_Rocky_It,48,1,1,12,0.25,170,27
SC_Rocky_It,48,1,1,15,0.25,170,26.5
SC_Rocky_It,48,1,1,18,0.25,170,25.25
SC_Rocky_It,48,1,1,21,0.25,170,28
SC_Rocky_It,48,1,1,24,0.25,170,29
SC_Rocky_It,48,1,1,27,0.25,170,28
SC_Rocky_It,48,1,1,30,0.25,170,29
SC_Rocky_It,48,2,1,0,0.25,170,28
SC_Rocky_It,48,2,1,3,0.25,170,28
SC_Rocky_It,48,2,1,6,0.25,170,29
SC_Rocky_It,48,2,1,9,0.25,170,27.25
SC_Rocky_It,48,2,1,12,0.25,170,30
SC_Rocky_It,48,2,1,15,0.25,170,26.5
SC_Rocky_It,48,2,1,18,0.25,170,28
SC_Rocky_It,48,2,1,21,0.25,170,29
SC_Rocky_It,48,2,1,24,0.25,170,29
SC_Rocky_It,48,2,1,27,0.25,170,28
SC_Rocky_It,48,2,1,30,0.25,170,29
SC_Rocky_It,48,3,1,0,0.25,170,28
SC_Rocky_It,48,3,1,3,0.25,170,28
SC_Rocky_It,48,3,1,6,0.25,170,29
SC_Rocky_It,48,3,1,9,0.25,170,29.75
SC_Rocky_It,48,3,1,12,0.25,170,30
SC_Rocky_It,48,3,1,15,0.25,170,26.5
SC_Rocky_It,48,3,1,18,0.25,170,28
SC_Rocky_It,48,3,1,21,0.25,170,28
SC_Rocky_It,48,3,1,24,0.25,170,29
SC_Rocky_It,48,3,1,27,0.25,170,29
SC_Rocky_It,48,3,1,30,0.25,170,29
SC_Rocky_It,48,4,1,0,0.25,170,28
SC_Rocky_It,48,4,1,3,0.25,170,28
SC_Rocky_It,48,4,1,6,0.25,170,29
SC_Rocky_It,48,4,1,9,0.25,170,29.75
SC_Rocky_It,48,4,1,12,0.25,170,30
SC_Rocky_It,48,4,1,15,0.25,170,27
SC_Rocky_It,48,4,1,18,0.25,170,29
SC_Rocky_It,48,4,1,21,0.25,170,28
SC_Rocky_It,48,4,1,24,0.25,170,29
SC_Rocky_It,48,4,1,27,0.25,170,29
SC_Rocky_It,48,4,1,30,0.25,170,29
SC_Rocky_It,49,1,1,0,0.4,292,50
SC_Rocky_It,49,1,1,3,0.4,292,50
SC_Rocky_It,49,1,1,6,0.4,292,46
SC_Rocky_It,49,1,1,9,0.4,292,45.2
SC_Rocky_It,49,1,1,12,0.4,292,44.8
SC_Rocky_It,49,1,1,15,0.4,292,42.4
SC_Rocky_It,49,1,1,18,0.4,292,40
SC_Rocky_It,49,1,1,21,0.4,292,42.4
SC_Rocky_It,49,1,1,24,0.4,292,44
SC_Rocky_It,49,1,1,27,0.4,292,40
SC_Rocky_It,49,1,1,29.6,0.4,292,40
SC_Rocky_It,49,2,1,0,0.4,292,46.4
SC_Rocky_It,49,2,1,3,0.4,292,48
SC_Rocky_It,49,2,1,6,0.4,292,44.4
SC_Rocky_It,49,2,1,9,0.4,292,45.2
SC_Rocky_It,49,2,1,12,0.4,292,44.8
SC_Rocky_It,49,2,1,15,0.4,292,42.4
SC_Rocky_It,49,2,1,18,0.4,292,40.4
SC_Rocky_It,49,2,1,21,0.4,292,42.4
SC_Rocky_It,49,2,1,24,0.4,292,40.4
SC_Rocky_It,49,2,1,27,0.4,292,40.8
SC_Rocky_It,49,2,1,29.6,0.4,292,40
SC_Rocky_It,49,3,1,0,0.4,292,46.4
SC_Rocky_It,49,3,1,3,0.4,292,48
SC_Rocky_It,49,3,1,6,0.4,292,44.4
SC_Rocky_It,49,3,1,9,0.4,292,45.2
SC_Rocky_It,49,3,1,12,0.4,292,44.8
SC_Rocky_It,49,3,1,15,0.4,292,42.4
SC_Rocky_It,49,3,1,18,0.4,292,42
SC_Rocky_It,49,3,1,21,0.4,292,42
SC_Rocky_It,49,3,1,24,0.4,292,42
SC_Rocky_It,49,3,1,27,0.4,292,40.8
SC_Rocky_It,49,3,1,29.6,0.4,292,40.4
SC_Rocky_It,49,4,1,0,0.4,292,47.2
SC_Rocky_It,49,4,1,3,0.4,292,47.2
SC_Rocky_It,49,4,1,6,0.4,292,50
SC_Rocky_It,49,4,1,9,0.4,292,50
SC_Rocky_It,49,4,1,12,0.4,292,50
SC_Rocky_It,49,4,1,15,0.4,292,49.2
SC_Rocky_It,49,4,1,18,0.4,292,50
SC_Rocky_It,49,4,1,21,0.4,292,49.2
SC_Rocky_It,49,4,1,24,0.4,292,50
SC_Rocky_It,49,4,1,27,0.4,292,44
SC_Rocky_It,49,4,1,29.6,0.4,292,40
SC_Rocky_It,49,5,1,0,0.4,292,44
SC_Rocky_It,49,5,1,3,0.4,292,46
SC_Rocky_It,49,5,1,6,0.4,292,44
SC_Rocky_It,49,5,1,9,0.4,292,41.2
SC_Rocky_It,49,5,1,12,0.4,292,39
SC_Rocky_It,49,5,1,15,0.4,292,35
SC_Rocky_It,49,5,1,18,0.4,292,33
SC_Rocky_It,49,5,1,21,0.4,292,37
SC_Rocky_It,49,5,1,24,0.4,292,37
SC_Rocky_It,49,5,1,27,0.4,292,36
SC_Rocky_It,49,5,1,29.6,0.4,292,36
SC_Rocky_It,50,1,1,0,0.4,243,42.8
SC_Rocky_It,50,1,1,3,0.4,243,41.2
SC_Rocky_It,50,1,1,6,0.4,243,40
SC_Rocky_It,50,1,1,9,0.4,243,40
SC_Rocky_It,50,1,1,12,0.4,243,42
SC_Rocky_It,50,1,1,15,0.4,243,40.8
SC_Rocky_It,50,1,1,18,0.4,243,44
SC_Rocky_It,50,1,1,21,0.4,243,43.2
SC_Rocky_It,50,1,1,24,0.4,243,44
SC_Rocky_It,50,1,1,27,0.4,243,42
SC_Rocky_It,50,1,1,30,0.4,243,43.2
SC_Rocky_It,50,2,1,0,0.4,243,42
SC_Rocky_It,50,2,1,3,0.4,243,41.2
SC_Rocky_It,50,2,1,6,0.4,243,42
SC_Rocky_It,50,2,1,9,0.4,243,40
SC_Rocky_It,50,2,1,12,0.4,243,40
SC_Rocky_It,50,2,1,15,0.4,243,38
SC_Rocky_It,50,2,1,18,0.4,243,38
SC_Rocky_It,50,2,1,21,0.4,243,38
SC_Rocky_It,50,2,1,24,0.4,243,40
SC_Rocky_It,50,2,1,27,0.4,243,40
SC_Rocky_It,50,2,1,30,0.4,243,40
SC_Rocky_It,50,3,1,0,0.4,243,42
SC_Rocky_It,50,3,1,3,0.4,243,41.2
SC_Rocky_It,50,3,1,6,0.4,243,40
SC_Rocky_It,50,3,1,9,0.4,243,40
SC_Rocky_It,50,3,1,12,0.4,243,40
SC_Rocky_It,50,3,1,15,0.4,243,40
SC_Rocky_It,50,3,1,18,0.4,243,38
SC_Rocky_It,50,3,1,21,0.4,243,38
SC_Rocky_It,50,3,1,24,0.4,243,40
SC_Rocky_It,50,3,1,27,0.4,243,40
SC_Rocky_It,50,3,1,30,0.4,243,36
SC_Rocky_It,50,4,1,0,0.4,243,42
SC_Rocky_It,50,4,1,3,0.4,243,42
SC_Rocky_It,50,4,1,6,0.4,243,42.8
SC_Rocky_It,50,4,1,9,0.4,243,40
SC_Rocky_It,50,4,1,12,0.4,243,41.2
SC_Rocky_It,50,4,1,15,0.4,243,40
SC_Rocky_It,50,4,1,18,0.4,243,38
SC_Rocky_It,50,4,1,21,0.4,243,39.6
SC_Rocky_It,50,4,1,24,0.4,243,40
SC_Rocky_It,50,4,1,27,0.4,243,38.8
SC_Rocky_It,50,4,1,30,0.4,243,40
SC_Rocky_It,51,1,1,0,0.6,220,70.2
SC_Rocky_It,51,1,1,3,0.6,220,70.2
SC_Rocky_It,51,1,1,6,0.6,220,72
SC_Rocky_It,51,1,1,9,0.6,220,72
SC_Rocky_It,51,1,1,12,0.6,220,69.6
SC_Rocky_It,51,1,1,15,0.6,220,67.2
SC_Rocky_It,51,1,1,18,0.6,220,72
SC_Rocky_It,51,1,1,21,0.6,220,72
SC_Rocky_It,51,1,2,24,0.6,148,69.6
SC_Rocky_It,51,1,2,26,0.6,148,70.2
SC_Rocky_It,51,1,2,28,0.6,148,70.2
SC_Rocky_It,51,2,1,0,0.6,220,50
SC_Rocky_It,51,2,1,3,0.6,220,50
SC_Rocky_It,51,2,1,6,0.6,220,50
SC_Rocky_It,51,2,1,9,0.6,220,50
SC_Rocky_It,51,2,1,12,0.6,220,50
SC_Rocky_It,51,2,1,15,0.6,220,50
SC_Rocky_It,51,2,1,18,0.6,220,50
SC_Rocky_It,51,2,1,21,0.6,220,50
SC_Rocky_It,51,2,2,24,0.6,148,69.6
SC_Rocky_It,51,2,2,26,0.6,148,70.2
SC_Rocky_It,51,2,2,28,0.6,148,70.2
SC_Rocky_It,72,1,1,0,0.5,340,50
SC_Rocky_It,72,1,1,3,0.5,340,50
SC_Rocky_It,72,1,1,6,0.5,340,50
SC_Rocky_It,72,1,1,9,0.5,340,50
SC_Rocky_It,72,1,1,12,0.5,340,50
SC_Rocky_It,72,1,1,15,0.5,340,50
SC_Rocky_It,72,1,1,18,0.5,340,50
SC_Rocky_It,72,1,1,21,0.5,340,50
SC_Rocky_It,72,1,1,24,0.5,340,50
SC_Rocky_It,72,1,1,27,0.5,340,50
SC_Rocky_It,72,1,1,30,0.5,340,50
SC_Rocky_It,72,2,1,0,0.5,340,50
SC_Rocky_It,72,2,1,3,0.5,340,50
SC_Rocky_It,72,2,1,6,0.5,340,47.5
SC_Rocky_It,72,2,1,9,0.5,340,50
SC_Rocky_It,72,2,1,12,0.5,340,50
SC_Rocky_It,72,2,1,15,0.5,340,50
SC_Rocky_It,72,2,1,18,0.5,340,50
SC_Rocky_It,72,2,1,21,0.5,340,50
SC_Rocky_It,72,2,1,24,0.5,340,50
SC_Rocky_It,72,2,1,27,0.5,340,50
SC_Rocky_It,72,2,1,30,0.5,340,50
SC_Rocky_It,73,1,1,0,0.33,220,35
SC_Rocky_It,73,1,1,3,0.33,220,34
SC_Rocky_It,73,1,1,6,0.33,220,34
SC_Rocky_It,73,1,1,9,0.33,220,35
SC_Rocky_It,73,1,1,12,0.33,220,35
SC_Rocky_It,73,1,1,15,0.33,220,35
SC_Rocky_It,73,1,1,18,0.33,220,35.66
SC_Rocky_It,73,1,1,21,0.33,220,35
SC_Rocky_It,73,1,1,24,0.33,220,37
SC_Rocky_It,73,1,1,27,0.33,220,35
SC_Rocky_It,73,1,1,30,0.33,220,36
SC_Rocky_It,73,2,1,0,0.33,220,33.33
SC_Rocky_It,73,2,1,3,0.33,220,35
SC_Rocky_It,73,2,1,6,0.33,220,34
SC_Rocky_It,73,2,1,9,0.33,220,34.33
SC_Rocky_It,73,2,1,12,0.33,220,35
SC_Rocky_It,73,2,1,15,0.33,220,35
SC_Rocky_It,73,2,1,18,0.33,220,36
SC_Rocky_It,73,2,1,21,0.33,220,35
SC_Rocky_It,73,2,1,24,0.33,220,36
SC_Rocky_It,73,2,1,27,0.33,220,35
SC_Rocky_It,73,2,1,30,0.33,220,36
SC_Rocky_It,74,1,1,0,0.25,170,25
SC_Rocky_It,74,1,1,2,0.25,170,25
SC_Rocky_It,74,1,1,4,0.25,170,26
SC_Rocky_It,74,1,1,6,0.25,170,27.5
SC_Rocky_It,74,1,1,8,0.25,170,25.5
SC_Rocky_It,74,1,1,10,0.25,170,26.75
SC_Rocky_It,74,1,1,12,0.25,170,29
SC_Rocky_It,74,1,1,14,0.25,170,25
SC_Rocky_It,74,1,1,16,0.25,170,26
SC_Rocky_It,74,1,1,18,0.25,170,24
SC_Rocky_It,74,1,1,20,0.25,170,26
SC_Rocky_It,74,2,1,0,0.25,170,22.75
SC_Rocky_It,74,2,1,2,0.25,170,25
SC_Rocky_It,74,2,1,4,0.25,170,26
SC_Rocky_It,74,2,1,6,0.25,170,27
SC_Rocky_It,74,2,1,8,0.25,170,27
SC_Rocky_It,74,2,1,10,0.25,170,25
SC_Rocky_It,74,2,1,12,0.25,170,25
SC_Rocky_It,74,2,1,14,0.25,170,25
SC_Rocky_It,74,2,1,16,0.25,170,25
SC_Rocky_It,74,2,1,18,0.25,170,22.5
SC_Rocky_It,74,2,1,20,0.25,170,24
SC_Rocky_It,74,3,1,0,0.25,170,25
SC_Rocky_It,74,3,1,2,0.25,170,25
SC_Rocky_It,74,3,1,4,0.25,170,26
SC_Rocky_It,74,3,1,6,0.25,170,27
SC_Rocky_It,74,3,1,8,0.25,170,27.5
SC_Rocky_It,74,3,1,10,0.25,170,26.75
SC_Rocky_It,74,3,1,12,0.25,170,29
SC_Rocky_It,74,3,1,14,0.25,170,25
SC_Rocky_It,74,3,1,16,0.25,170,25
SC_Rocky_It,74,3,1,18,0.25,170,24
SC_Rocky_It,74,3,1,20,0.25,170,26
SC_Rocky_It,75,1,1,0,0.4,192,40
SC_Rocky_It,75,1,1,2,0.4,192,42.8
SC_Rocky_It,75,1,1,4,0.4,192,42
SC_Rocky_It,75,1,1,6,0.4,192,41.2
SC_Rocky_It,75,1,1,8,0.4,192,44.4
SC_Rocky_It,75,1,1,10,0.4,192,45.2
SC_Rocky_It,75,1,1,12,0.4,192,36
SC_Rocky_It,75,1,1,14,0.4,192,26
SC_Rocky_It,75,1,2,16,0.25,109,28
SC_Rocky_It,75,1,2,18,0.25,109,30
SC_Rocky_It,75,1,2,20,0.25,109,30
SC_Rocky_It,75,2,1,0,0.4,192,36
SC_Rocky_It,75,2,1,2,0.4,192,40
SC_Rocky_It,75,2,1,4,0.4,192,40
SC_Rocky_It,75,2,1,6,0.4,192,36.8
SC_Rocky_It,75,2,1,8,0.4,192,38
SC_Rocky_It,75,2,1,10,0.4,192,38.4
SC_Rocky_It,75,2,1,12,0.4,192,36
SC_Rocky_It,75,2,1,14,0.4,192,24.8
SC_Rocky_It,75,2,2,16,0.25,109,26
SC_Rocky_It,75,2,2,18,0.25,109,26.5
SC_Rocky_It,75,2,2,20,0.25,109,26
SC_Rocky_It,75,3,1,0,0.4,192,40
SC_Rocky_It,75,3,1,2,0.4,192,37
SC_Rocky_It,75,3,1,4,0.4,192,40
SC_Rocky_It,75,3,1,6,0.4,192,41.2
SC_Rocky_It,75,3,1,8,0.4,192,44.4
SC_Rocky_It,75,3,1,10,0.4,192,42
SC_Rocky_It,75,3,1,12,0.4,192,36
SC_Rocky_It,75,3,1,14,0.4,192,26
SC_Rocky_It,75,3,2,16,0.25,109,28
SC_Rocky_It,75,3,2,18,0.25,109,30
SC_Rocky_It,75,3,2,20,0.25,109,29
SC_Rocky_It,76,1,1,0,0.333,210,34
SC_Rocky_It,76,1,1,2,0.333,210,34
SC_Rocky_It,76,1,1,4,0.333,210,33
SC_Rocky_It,76,1,1,6,0.333,210,33
SC_Rocky_It,76,1,1,8,0.333,210,33
SC_Rocky_It,76,1,1,10,0.333,210,33
SC_Rocky_It,76,1,1,12,0.333,210,34
SC_Rocky_It,76,1,1,14,0.333,210,34
SC_Rocky_It,76,1,1,16,0.333,210,34
SC_Rocky_It,76,1,1,18,0.333,210,34
SC_Rocky_It,76,1,1,20,0.333,210,35
SC_Rocky_It,76,2,1,0,0.333,210,33
SC_Rocky_It,76,2,1,2,0.333,210,34
SC_Rocky_It,76,2,1,4,0.333,210,33
SC_Rocky_It,76,2,1,6,0.333,210,33
SC_Rocky_It,76,2,1,8,0.333,210,33
SC_Rocky_It,76,2,1,10,0.333,210,33
SC_Rocky_It,76,2,1,12,0.333,210,33
SC_Rocky_It,76,2,1,14,0.333,210,34
SC_Rocky_It,76,2,1,16,0.333,210,33
SC_Rocky_It,76,2,1,18,0.333,210,35
SC_Rocky_It,76,2,1,20,0.333,210,35
SC_Rocky_It,87,1,1,0,0.2,186,20
SC_Rocky_It,87,1,1,3,0.2,186,20
SC_Rocky_It,87,1,1,6,0.2,186,20
SC_Rocky_It,87,1,1,9,0.2,186,19
SC_Rocky_It,87,1,1,12,0.2,186,20
SC_Rocky_It,87,1,1,15,0.2,186,20
SC_Rocky_It,87,1,1,18,0.2,186,20
SC_Rocky_It,87,1,1,21,0.2,186,18.6
SC_Rocky_It,87,1,1,24,0.2,186,20
SC_Rocky_It,87,1,1,27,0.2,186,20
SC_Rocky_It,87,1,1,30,0.2,186,20
SC_Rocky_It,87,2,2,0,0.2,186,20
SC_Rocky_It,87,2,2,3,0.2,186,20
SC_Rocky_It,87,2,2,6,0.2,186,20
SC_Rocky_It,87,2,2,9,0.2,186,19
SC_Rocky_It,87,2,2,12,0.2,186,20
SC_Rocky_It,87,2,2,15,0.2,186,20
SC_Rocky_It,87,2,2,18,0.2,186,20
SC_Rocky_It,87,2,2,21,0.2,186,18.6
SC_Rocky_It,87,2,2,24,0.2,186,20
SC_Rocky_It,87,2,2,27,0.2,186,20
SC_Rocky_It,87,2,2,30,0.2,186,20
SC_Rocky_It,88,1,1,0,0.2,165,16.6
SC_Rocky_It,88,1,1,3,0.2,165,17
SC_Rocky_It,88,1,1,6,0.2,165,16
SC_Rocky_It,88,1,1,9,0.2,165,18.4
SC_Rocky_It,88,1,1,12,0.2,165,17.6
SC_Rocky_It,88,1,1,15,0.2,165,19
SC_Rocky_It,88,1,1,18,0.2,165,16.2
SC_Rocky_It,88,1,1,21,0.2,165,6.8
SC_Rocky_It,88,1,1,24,0.2,165,20
SC_Rocky_It,88,1,1,27,0.2,165,20
SC_Rocky_It,88,1,1,30,0.2,165,20
SC_Rocky_It,88,2,1,0,0.2,165,16.6
SC_Rocky_It,88,2,1,3,0.2,165,17
SC_Rocky_It,88,2,1,6,0.2,165,16
SC_Rocky_It,88,2,1,9,0.2,165,18.4
SC_Rocky_It,88,2,1,12,0.2,165,17.5
SC_Rocky_It,88,2,1,15,0.2,165,19
SC_Rocky_It,88,2,1,18,0.2,165,16
SC_Rocky_It,88,2,1,21,0.2,165,20
SC_Rocky_It,88,2,1,24,0.2,165,20
SC_Rocky_It,88,2,1,27,0.2,165,20
SC_Rocky_It,88,2,1,30,0.2,165,20
SC_Rocky_It,88,3,1,0,0.2,165,16.6
SC_Rocky_It,88,3,1,3,0.2,165,17
SC_Rocky_It,88,3,1,6,0.2,165,16
SC_Rocky_It,88,3,1,9,0.2,165,14.7
SC_Rocky_It,88,3,1,12,0.2,165,17.5
SC_Rocky_It,88,3,1,15,0.2,165,19
SC_Rocky_It,88,3,1,18,0.2,165,16
SC_Rocky_It,88,3,1,21,0.2,165,20
SC_Rocky_It,88,3,1,24,0.2,165,20
SC_Rocky_It,88,3,1,27,0.2,165,20
SC_Rocky_It,88,3,1,30,0.2,165,20
SC_Rocky_It,89,1,1,0,0.1,70,10
SC_Rocky_It,89,1,1,2,0.1,70,10
SC_Rocky_It,89,1,1,4,0.1,70,10
SC_Rocky_It,89,1,1,6,0.1,70,10
SC_Rocky_It,89,1,1,8,0.1,70,9
SC_Rocky_It,89,1,1,10,0.1,70,10
SC_Rocky_It,89,1,1,12,0.1,70,7.5
SC_Rocky_It,89,1,1,14,0.1,70,8.5
SC_Rocky_It,89,1,1,16,0.1,70,9
SC_Rocky_It,89,1,1,18,0.1,70,9
SC_Rocky_It,89,1,1,20,0.1,70,7.3
SC_Rocky_It,89,2,1,0,0.1,70,10
SC_Rocky_It,89,2,1,2,0.1,70,10
SC_Rocky_It,89,2,1,4,0.1,70,10
SC_Rocky_It,89,2,1,6,0.1,70,10
SC_Rocky_It,89,2,1,8,0.1,70,9
SC_Rocky_It,89,2,1,10,0.1,70,10
SC_Rocky_It,89,2,1,12,0.1,70,7.5
SC_Rocky_It,89,2,1,14,0.1,70,8.5
SC_Rocky_It,89,2,1,16,0.1,70,9
SC_Rocky_It,89,2,1,18,0.1,70,9
SC_Rocky_It,89,2,1,20,0.1,70,7.3
SC_Rocky_It,90,1,1,0,0.15,300,15
SC_Rocky_It,90,1,1,2,0.15,300,15
SC_Rocky_It,90,1,1,4,0.15,300,15
SC_Rocky_It,90,1,1,6,0.15,300,15
SC_Rocky_It,90,1,1,8,0.15,300,15
SC_Rocky_It,90,1,1,10,0.15,300,15
SC_Rocky_It,90,1,1,12,0.15,300,15
SC_Rocky_It,90,1,1,14,0.15,300,15
SC_Rocky_It,90,1,1,16,0.15,300,15
SC_Rocky_It,90,1,1,18,0.15,300,15
SC_Rocky_It,90,1,1,20,0.15,300,15
SC_Rocky_It,91,1,1,0,0.4,240,50
SC_Rocky_It,91,1,1,2,0.4,240,50
SC_Rocky_It,91,1,1,4,0.4,240,40
SC_Rocky_It,91,1,1,6,0.4,240,40
SC_Rocky_It,91,1,1,8,0.4,240,40
SC_Rocky_It,91,1,1,10,0.4,240,40
SC_Rocky_It,91,1,1,12,0.4,240,44.8
SC_Rocky_It,91,1,1,14,0.4,240,43.2
SC_Rocky_It,91,1,1,16,0.4,240,34
SC_Rocky_It,91,1,1,18,0.4,240,34
SC_Rocky_It,91,1,1,20,0.4,240,34
SC_Rocky_It,91,2,1,0,0.4,240,50
SC_Rocky_It,91,2,1,2,0.4,240,50
SC_Rocky_It,91,2,1,4,0.4,240,40
SC_Rocky_It,91,2,1,6,0.4,240,40
SC_Rocky_It,91,2,1,8,0.4,240,40
SC_Rocky_It,91,2,1,10,0.4,240,40
SC_Rocky_It,91,2,1,12,0.4,240,44.8
SC_Rocky_It,91,2,1,14,0.4,240,43.2
SC_Rocky_It,91,2,1,16,0.4,240,34
SC_Rocky_It,91,2,1,18,0.4,240,34
SC_Rocky_It,91,2,1,20,0.4,240,34
SC_Rocky_It,92,1,1,0,0.6,225,61.8
SC_Rocky_It,92,1,1,3,0.6,225,56.4
SC_Rocky_It,92,1,1,6,0.6,225,55.2
SC_Rocky_It,92,1,1,9,0.6,225,57
SC_Rocky_It,92,1,1,12,0.6,225,59.4
SC_Rocky_It,92,1,1,15,0.6,225,60
SC_Rocky_It,92,1,1,18,0.6,225,60
SC_Rocky_It,92,1,1,21,0.6,225,60
SC_Rocky_It,92,1,1,24,0.6,225,60
SC_Rocky_It,92,1,1,27,0.6,225,60
SC_Rocky_It,92,1,1,30,0.6,225,60
SC_Rocky_It,92,2,1,0,0.6,225,50
SC_Rocky_It,92,2,1,3,0.6,225,50
SC_Rocky_It,92,2,1,6,0.6,225,50
SC_Rocky_It,92,2,1,9,0.6,225,50
SC_Rocky_It,92,2,1,12,0.6,225,50
SC_Rocky_It,92,2,1,15,0.6,225,50
SC_Rocky_It,92,2,1,18,0.6,225,50
SC_Rocky_It,92,2,1,21,0.6,225,50
SC_Rocky_It,92,2,1,24,0.6,225,50
SC_Rocky_It,92,2,1,27,0.6,225,50
SC_Rocky_It,92,2,1,30,0.6,225,50
SC_Rocky_It,93,1,1,0,0.25,250,25
SC_Rocky_It,93,1,1,4,0.25,250,25
SC_Rocky_It,93,1,1,8,0.25,250,25
SC_Rocky_It,93,1,1,12,0.25,250,25
SC_Rocky_It,93,1,1,16,0.25,250,25
SC_Rocky_It,93,1,1,20,0.25,250,25
SC_Rocky_It,96,1,1,0,0.1,180,10
SC_Rocky_It,96,1,1,2,0.1,180,9
SC_Rocky_It,96,1,1,4,0.1,180,11.5
SC_Rocky_It,96,1,1,6,0.1,180,10.3
SC_Rocky_It,96,1,1,8,0.1,180,12
SC_Rocky_It,96,1,1,10,0.1,180,14.7
SC_Rocky_It,96,1,1,12,0.1,180,11.7
SC_Rocky_It,96,1,1,14,0.1,180,13
SC_Rocky_It,96,1,1,16,0.1,180,12
SC_Rocky_It,96,1,1,18,0.1,180,10.5
SC_Rocky_It,96,1,1,20,0.1,180,11.1
SC_Rocky_It,97,1,1,0,0.05,132,6
SC_Rocky_It,97,1,1,2,0.05,132,5
SC_Rocky_It,97,1,1,4,0.05,132,5.75
SC_Rocky_It,97,1,1,6,0.05,132,7.4
SC_Rocky_It,97,1,1,8,0.05,132,5
SC_Rocky_It,97,1,1,10,0.05,132,5
SC_Rocky_It,97,1,1,12,0.05,132,5
SC_Rocky_It,97,1,1,14,0.05,132,5
SC_Rocky_It,97,1,1,16,0.05,132,8
SC_Rocky_It,97,1,1,18,0.05,132,11.6
SC_Rocky_It,97,1,1,20,0.05,132,9.5
SC_Rocky_It,98,1,1,0,0.33,232,40
SC_Rocky_It,98,1,1,2,0.33,232,40
SC_Rocky_It,98,1,1,4,0.33,232,40
SC_Rocky_It,98,1,1,6,0.33,232,43
SC_Rocky_It,98,1,1,8,0.33,232,43
SC_Rocky_It,98,1,1,10,0.33,232,45
SC_Rocky_It,98,1,1,12,0.33,232,48
SC_Rocky_It,98,1,1,14,0.33,232,49.33
SC_Rocky_It,98,1,1,16,0.33,232,50
SC_Rocky_It,98,1,1,18,0.33,232,50
SC_Rocky_It,98,1,1,20,0.33,232,50
SC_Rocky_It,99,1,1,0,0.5,224,45
SC_Rocky_It,99,1,1,3,0.5,224,46
SC_Rocky_It,99,1,1,6,0.5,224,46
SC_Rocky_It,99,1,1,9,0.5,224,47
SC_Rocky_It,99,1,1,12,0.5,224,51
SC_Rocky_It,99,1,1,15,0.5,224,52
SC_Rocky_It,99,1,1,18,0.5,224,50
SC_Rocky_It,99,1,1,21,0.5,224,48
SC_Rocky_It,99,1,1,24,0.5,224,50
SC_Rocky_It,99,1,1,27,0.5,224,53
SC_Rocky_It,99,1,1,30,0.5,224,53
SC_Rocky_It,99,2,1,0,0.5,224,43
SC_Rocky_It,99,2,1,3,0.5,224,44
SC_Rocky_It,99,2,1,6,0.5,224,45
SC_Rocky_It,99,2,1,9,0.5,224,47
SC_Rocky_It,99,2,1,12,0.5,224,48
SC_Rocky_It,99,2,1,15,0.5,224,48
SC_Rocky_It,99,2,1,18,0.5,224,48
SC_Rocky_It,99,2,1,21,0.5,224,47
SC_Rocky_It,99,2,1,24,0.5,224,50
SC_Rocky_It,99,2,1,27,0.5,224,50
SC_Rocky_It,99,2,1,30,0.5,224,50
SC_Rocky_It,100,1,1,0,0.2,250,17
SC_Rocky_It,100,1,1,3,0.2,250,21
SC_Rocky_It,100,1,1,6,0.2,250,21
SC_Rocky_It,100,1,1,9,0.2,250,20.4
SC_Rocky_It,100,1,1,12,0.2,250,15.6
SC_Rocky_It,100,1,1,15,0.2,250,17.4
SC_Rocky_It,100,1,1,18,0.2,250,21
SC_Rocky_It,100,1,1,21,0.2,250,21
SC_Rocky_It,100,1,1,24,0.2,250,17.6
SC_Rocky_It,100,1,1,27,0.2,250,18.6
SC_Rocky_It,100,1,1,30,0.2,250,16.6
SC_Rocky_It,100,2,1,0,0.2,250,17
SC_Rocky_It,100,2,1,6,0.2,250,20
SC_Rocky_It,100,2,1,12,0.2,250,13.8
SC_Rocky_It,100,2,1,18,0.2,250,18
SC_Rocky_It,100,2,1,24,0.2,250,17
SC_Rocky_It,100,2,1,30,0.2,250,16.2
SC_Rocky_It,101,1,1,0,0.15,265,10.65
SC_Rocky_It,101,1,1,3,0.15,265,10.65
SC_Rocky_It,101,1,1,6,0.15,265,15
SC_Rocky_It,101,1,1,9,0.15,265,15
SC_Rocky_It,101,1,1,12,0.15,265,16.05
SC_Rocky_It,101,1,1,15,0.15,265,16.05
SC_Rocky_It,101,1,1,18,0.15,265,15.3
SC_Rocky_It,101,1,1,21,0.15,265,18
SC_Rocky_It,101,1,1,24,0.15,265,19.05
SC_Rocky_It,101,1,1,27,0.15,265,15
SC_Rocky_It,101,1,1,29,0.15,265,15
SC_Rocky_It,101,2,1,0,0.15,265,10.5
SC_Rocky_It,101,2,1,3,0.15,265,13.05
SC_Rocky_It,101,2,1,6,0.15,265,13.05
SC_Rocky_It,101,2,1,9,0.15,265,14.1
SC_Rocky_It,101,2,1,12,0.15,265,15
SC_Rocky_It,101,2,1,15,0.15,265,17.1
SC_Rocky_It,101,2,1,18,0.15,265,17.55
SC_Rocky_It,101,2,1,21,0.15,265,18
SC_Rocky_It,101,2,1,24,0.15,265,17.1
SC_Rocky_It,101,2,1,27,0.15,265,16.05
SC_Rocky_It,101,2,1,29,0.15,265,15
SC_Rocky_It,101,3,1,0,0.15,265,10.5
SC_Rocky_It,101,3,1,3,0.15,265,10.05
SC_Rocky_It,101,3,1,6,0.15,265,13.5
SC_Rocky_It,101,3,1,9,0.15,265,15
SC_Rocky_It,101,3,1,12,0.15,265,16.05
SC_Rocky_It,101,3,1,15,0.15,265,17.1
SC_Rocky_It,101,3,1,18,0.15,265,17.1
SC_Rocky_It,101,3,1,21,0.15,265,18
SC_Rocky_It,101,3,1,24,0.15,265,17.1
SC_Rocky_It,101,3,1,27,0.15,265,15
SC_Rocky_It,101,3,1,29,0.15,265,12.9
SC_Rocky_It,200,1,1,0,0.1,35,10.8
SC_Rocky_It,200,1,1,3,0.1,35,11
SC_Rocky_It,200,1,1,6,0.1,35,12
SC_Rocky_It,200,1,1,9,0.1,35,12
SC_Rocky_It,200,1,1,12,0.1,35,12.5
SC_Rocky_It,200,1,1,15,0.1,35,13.5
SC_Rocky_It,200,1,1,18,0.1,35,13
SC_Rocky_It,200,1,1,21,0.1,35,13
SC_Rocky_It,200,1,1,24,0.1,35,14
SC_Rocky_It,200,1,1,27,0.1,35,15
SC_Rocky_It,200,1,1,30,0.1,35,14
SC_Rocky_It,200,2,1,0,0.1,35,11
SC_Rocky_It,200,2,1,3,0.1,35,11
SC_Rocky_It,200,2,1,6,0.1,35,12
SC_Rocky_It,200,2,1,9,0.1,35,12
SC_Rocky_It,200,2,1,12,0.1,35,12.5
SC_Rocky_It,200,2,1,15,0.1,35,13.5
SC_Rocky_It,200,2,1,18,0.1,35,13
SC_Rocky_It,200,2,1,21,0.1,35,13
SC_Rocky_It,200,2,1,24,0.1,35,14
SC_Rocky_It,200,2,1,27,0.1,35,15
SC_Rocky_It,200,2,1,30,0.1,35,11
SC_Rocky_It,201,1,1,0,0.15,285,16.05
SC_Rocky_It,201,1,1,3,0.15,285,16.05
SC_Rocky_It,201,1,1,6,0.15,285,15
SC_Rocky_It,201,1,1,9,0.15,285,15
SC_Rocky_It,201,1,1,12,0.15,285,16.05
SC_Rocky_It,201,1,1,15,0.15,285,18
SC_Rocky_It,201,1,1,18,0.15,285,18
SC_Rocky_It,201,1,1,21,0.15,285,18
SC_Rocky_It,201,1,1,24,0.15,285,19.05
SC_Rocky_It,201,1,1,27,0.15,285,19.05
SC_Rocky_It,201,1,1,30,0.15,285,18
SC_Rocky_It,201,2,1,0,0.15,285,16.05
SC_Rocky_It,201,2,1,3,0.15,285,16.05
SC_Rocky_It,201,2,1,6,0.15,285,15
SC_Rocky_It,201,2,1,9,0.15,285,15
SC_Rocky_It,201,2,1,12,0.15,285,16.05
SC_Rocky_It,201,2,1,15,0.15,285,18
SC_Rocky_It,201,2,1,18,0.15,285,18
SC_Rocky_It,201,2,1,21,0.15,285,18
SC_Rocky_It,201,2,1,24,0.15,285,19.05
SC_Rocky_It,201,2,1,27,0.15,285,19.05
SC_Rocky_It,201,2,1,30,0.15,285,19.05
SC_Rocky_It,202,1,1,0,0.15,175,15
SC_Rocky_It,202,1,1,3,0.15,175,15
SC_Rocky_It,202,1,1,6,0.15,175,15
SC_Rocky_It,202,1,1,9,0.15,175,15
SC_Rocky_It,202,1,1,12,0.15,175,15.45
SC_Rocky_It,202,1,1,15,0.15,175,16.8
SC_Rocky_It,202,1,1,18,0.15,175,16.05
SC_Rocky_It,202,1,1,21,0.15,175,16.05
SC_Rocky_It,202,1,1,24,0.15,175,16.05
SC_Rocky_It,202,1,1,27,0.15,175,16.8
SC_Rocky_It,202,1,1,30,0.15,175,17.1
SC_Rocky_It,202,2,1,0,0.15,175,15
SC_Rocky_It,202,2,1,3,0.15,175,15
SC_Rocky_It,202,2,1,6,0.15,175,15
SC_Rocky_It,202,2,1,9,0.15,175,15
SC_Rocky_It,202,2,1,12,0.15,175,15
SC_Rocky_It,202,2,1,15,0.15,175,15
SC_Rocky_It,202,2,1,18,0.15,175,15
SC_Rocky_It,202,2,1,21,0.15,175,15.45
SC_Rocky_It,202,2,1,24,0.15,175,15.6
SC_Rocky_It,202,2,1,27,0.15,175,16.65
SC_Rocky_It,202,2,1,30,0.15,175,17.1
SC_Rocky_It,202,3,1,0,0.15,175,15
SC_Rocky_It,202,3,1,3,0.15,175,15
SC_Rocky_It,202,3,1,6,0.15,175,15
SC_Rocky_It,202,3,1,9,0.15,175,15
SC_Rocky_It,202,3,1,12,0.15,175,15.45
SC_Rocky_It,202,3,1,15,0.15,175,16.8
SC_Rocky_It,202,3,1,18,0.15,175,16.05
SC_Rocky_It,202,3,1,21,0.15,175,16.05
SC_Rocky_It,202,3,1,24,0.15,175,16.2
SC_Rocky_It,202,3,1,27,0.15,175,16.8
SC_Rocky_It,202,3,1,30,0.15,175,17.1
SC_Rocky_It,203,1,1,0,0.15,175,17.85
SC_Rocky_It,203,1,1,3,0.15,175,18.15
SC_Rocky_It,203,1,1,6,0.15,175,15
SC_Rocky_It,203,1,1,9,0.15,175,15.75
SC_Rocky_It,203,1,1,12,0.15,175,19.05
SC_Rocky_It,203,1,1,15,0.15,175,16.05
SC_Rocky_It,203,1,1,18,0.15,175,15
SC_Rocky_It,203,1,1,21,0.15,175,15
SC_Rocky_It,203,1,1,24,0.15,175,15
SC_Rocky_It,203,1,1,27,0.15,175,17.4
SC_Rocky_It,203,1,1,30,0.15,175,19.05
SC_Rocky_It,204,1,1,0,0.2,45,20
SC_Rocky_It,204,1,1,3,0.2,45,20
SC_Rocky_It,204,1,1,6,0.2,45,20
SC_Rocky_It,204,1,1,9,0.2,45,22
SC_Rocky_It,204,1,1,12,0.2,45,20.4
SC_Rocky_It,204,1,1,15,0.2,45,20
SC_Rocky_It,204,1,1,17,0.2,45,20
SC_Rocky_It,204,1,1,26,0.2,45,20
SC_Rocky_It,204,1,1,29,0.2,45,20
SC_Rocky_It,204,1,1,32,0.2,45,20
SC_Rocky_It,204,1,1,35,0.2,45,20
SC_Rocky_It,204,2,1,0,0.2,45,20
SC_Rocky_It,204,2,1,3,0.2,45,20
SC_Rocky_It,204,2,1,6,0.2,45,20
SC_Rocky_It,204,2,1,9,0.2,45,21
SC_Rocky_It,204,2,1,12,0.2,45,21
SC_Rocky_It,204,2,1,15,0.2,45,21
SC_Rocky_It,204,2,1,17,0.2,45,21
SC_Rocky_It,204,2,1,26,0.2,45,20
SC_Rocky_It,204,2,1,29,0.2,45,20
SC_Rocky_It,204,2,1,32,0.2,45,20
SC_Rocky_It,204,2,1,35,0.2,45,20
SC_Rocky_It,300,1,1,0,0.15,350,15
SC_Rocky_It,300,1,1,3,0.15,350,15
SC_Rocky_It,300,1,1,6,0.15,350,15
SC_Rocky_It,300,1,1,9,0.15,350,15
SC_Rocky_It,300,1,1,12,0.15,350,15
SC_Rocky_It,300,1,1,15,0.15,350,15
SC_Rocky_It,300,1,2,18,0.2,290,20
SC_Rocky_It,300,1,2,21,0.2,290,20
SC_Rocky_It,300,1,2,24,0.2,290,20
SC_Rocky_It,300,1,2,27,0.2,290,26
SC_Rocky_It,300,1,2,30,0.2,290,26
SC_Rocky_It,300,2,1,0,0.15,350,19.05
SC_Rocky_It,300,2,1,3,0.15,350,17.1
SC_Rocky_It,300,2,1,6,0.15,350,18.9
SC_Rocky_It,300,2,1,9,0.15,350,16.95
SC_Rocky_It,300,2,1,12,0.15,350,16.05
SC_Rocky_It,300,2,1,15,0.15,350,16.05
SC_Rocky_It,300,2,2,18,0.2,290,20.8
SC_Rocky_It,300,2,2,21,0.2,290,23
SC_Rocky_It,300,2,2,24,0.2,290,23
SC_Rocky_It,300,2,2,27,0.2,290,30
SC_Rocky_It,300,2,2,30,0.2,290,33
SC_Rocky_It,300,3,1,0,0.15,350,15
SC_Rocky_It,300,3,1,3,0.15,350,15
SC_Rocky_It,300,3,1,6,0.15,350,15
SC_Rocky_It,300,3,1,9,0.15,350,15
SC_Rocky_It,300,3,1,12,0.15,350,15
SC_Rocky_It,300,3,1,15,0.15,350,15
SC_Rocky_It,300,3,2,18,0.2,290,20
SC_Rocky_It,300,3,2,21,0.2,290,20
SC_Rocky_It,300,3,2,24,0.2,290,20
SC_Rocky_It,300,3,2,27,0.2,290,26
SC_Rocky_It,300,3,2,30,0.2,290,26
SC_Rocky_It,301,1,1,0,0.25,330,27
SC_Rocky_It,301,1,1,3,0.25,330,28
SC_Rocky_It,301,1,1,6,0.25,330,27
SC_Rocky_It,301,1,1,9,0.25,330,27
SC_Rocky_It,301,1,1,12,0.25,330,26
SC_Rocky_It,301,1,1,15,0.25,330,30
SC_Rocky_It,301,1,1,18,0.25,330,25
SC_Rocky_It,301,1,1,21,0.25,330,25
SC_Rocky_It,301,1,1,24,0.25,330,22
SC_Rocky_It,301,1,1,27,0.25,330,25
SC_Rocky_It,301,1,1,29.3,0.25,330,26
SC_Rocky_It,302,1,1,0,0.15,170,10.5
SC_Rocky_It,302,1,1,3,0.15,170,13.8
SC_Rocky_It,302,1,1,6,0.15,170,15
SC_Rocky_It,302,1,1,9,0.15,170,18.15
SC_Rocky_It,302,1,1,12,0.15,170,19.05
SC_Rocky_It,302,1,1,15,0.15,170,18.75
SC_Rocky_It,302,1,2,18,0.15,200,12
SC_Rocky_It,302,1,2,21,0.15,200,15
SC_Rocky_It,302,1,2,24,0.15,200,15
SC_Rocky_It,302,1,2,27,0.15,200,15
SC_Rocky_It,302,1,2,30,0.15,200,15
SC_Rocky_It,302,2,1,0,0.15,170,11.1
SC_Rocky_It,302,2,1,3,0.15,170,13.8
SC_Rocky_It,302,2,1,6,0.15,170,15
SC_Rocky_It,302,2,1,9,0.15,170,17.1
SC_Rocky_It,302,2,1,12,0.15,170,19.2
SC_Rocky_It,302,2,1,15,0.15,170,18.9
SC_Rocky_It,302,2,2,18,0.15,200,15
SC_Rocky_It,302,2,2,21,0.15,200,15
SC_Rocky_It,302,2,2,24,0.15,200,15
SC_Rocky_It,302,2,2,27,0.15,200,15
SC_Rocky_It,302,2,2,30,0.15,200,19.95
SC_Rocky_It,303,1,1,0,0.15,90,17.1
SC_Rocky_It,303,1,1,3,0.15,90,15.6
SC_Rocky_It,303,1,1,6,0.15,90,15
SC_Rocky_It,303,1,1,9,0.15,90,16.5
SC_Rocky_It,303,1,1,12,0.15,90,16.05
SC_Rocky_It,303,1,1,15,0.15,90,18
SC_Rocky_It,303,1,1,18,0.15,90,18
SC_Rocky_It,303,1,2,21,0.2,82,19.4
SC_Rocky_It,303,1,2,24,0.2,82,19.8
SC_Rocky_It,303,1,2,31.5,0.2,82,22
SC_Rocky_It,303,1,2,34.5,0.2,82,20
SC_Rocky_It,303,2,1,0,0.15,90,16.05
SC_Rocky_It,303,2,1,3,0.15,90,15
SC_Rocky_It,303,2,1,6,0.15,90,15
SC_Rocky_It,303,2,1,9,0.15,90,16.2
SC_Rocky_It,303,2,1,12,0.15,90,16.2
SC_Rocky_It,303,2,1,15,0.15,90,18
SC_Rocky_It,303,2,1,18,0.15,90,18
SC_Rocky_It,303,2,2,21,0.15,82,18.6
SC_Rocky_It,303,2,2,24,0.15,82,19.8
SC_Rocky_It,303,2,2,31.5,0.15,82,22.05
SC_Rocky_It,303,2,2,34.5,0.15,82,19.95
SC_Rocky_It,304,1,1,0,0.1,130,12
SC_Rocky_It,304,1,1,3,0.1,130,13.3
SC_Rocky_It,304,1,1,6,0.1,130,14
SC_Rocky_It,304,1,1,9,0.1,130,13.5
SC_Rocky_It,304,1,1,12,0.1,130,9.3
SC_Rocky_It,304,1,1,15,0.1,130,10
SC_Rocky_It,304,1,1,18,0.1,130,10
SC_Rocky_It,304,1,1,21,0.1,130,9.1
SC_Rocky_It,304,1,1,24,0.1,130,8.4
SC_Rocky_It,304,1,1,27,0.1,130,9.2
SC_Rocky_It,304,1,1,30,0.1,130,10
SC_Rocky_It,304,2,1,0,0.1,130,12
SC_Rocky_It,304,2,1,3,0.1,130,13.3
SC_Rocky_It,304,2,1,6,0.1,130,14
SC_Rocky_It,304,2,1,9,0.1,130,13.4
SC_Rocky_It,304,2,1,12,0.1,130,9.5
SC_Rocky_It,304,2,1,15,0.1,130,10
SC_Rocky_It,304,2,1,18,0.1,130,10
SC_Rocky_It,304,2,1,21,0.1,130,9.5
SC_Rocky_It,304,2,1,24,0.1,130,9
SC_Rocky_It,304,2,1,27,0.1,130,9.2
SC_Rocky_It,304,2,1,30,0.1,130,10
SC_Rocky_It,305,1,1,0,0.05,80,5
SC_Rocky_It,305,1,1,3,0.05,80,5.05
SC_Rocky_It,305,1,1,6,0.05,80,5.1
SC_Rocky_It,305,1,1,9,0.05,80,5.2
SC_Rocky_It,305,1,1,12,0.05,80,5
SC_Rocky_It,305,1,1,15,0.05,80,5
SC_Rocky_It,305,1,1,18,0.05,80,5.5
SC_Rocky_It,305,1,2,21,0.05,60,5.5
SC_Rocky_It,305,1,2,24,0.05,60,5
SC_Rocky_It,305,1,2,27,0.05,60,5.5
SC_Rocky_It,305,1,2,30,0.05,60,6
SC_Rocky_It,305,2,1,0,0.05,80,5
SC_Rocky_It,305,2,1,3,0.05,80,5
SC_Rocky_It,305,2,1,6,0.05,80,5
SC_Rocky_It,305,2,1,9,0.05,80,5
SC_Rocky_It,305,2,1,12,0.05,80,5.25
SC_Rocky_It,305,2,1,15,0.05,80,5.55
SC_Rocky_It,305,2,1,18,0.05,80,5.9
SC_Rocky_It,305,2,2,21,0.05,60,6.5
SC_Rocky_It,305,2,2,24,0.05,60,5
SC_Rocky_It,305,2,2,27,0.05,60,5
SC_Rocky_It,305,2,2,30,0.05,60,5
SC_Rocky_It,305,3,1,0,0.05,80,5
SC_Rocky_It,305,3,1,3,0.05,80,5
SC_Rocky_It,305,3,1,6,0.05,80,5
SC_Rocky_It,305,3,1,9,0.05,80,5
SC_Rocky_It,305,3,1,12,0.05,80,5
SC_Rocky_It,305,3,1,15,0.05,80,5
SC_Rocky_It,305,3,1,18,0.05,80,5.5
SC_Rocky_It,305,3,2,21,0.05,60,5.5
SC_Rocky_It,305,3,2,24,0.05,60,5
SC_Rocky_It,305,3,2,27,0.05,60,5.5
SC_Rocky_It,305,3,2,30,0.05,60,6
SC_Rocky_It,400,1,1,0,0.2,145,0
SC_Rocky_It,400,1,1,3,0.2,145,0
SC_Rocky_It,400,1,1,6,0.2,145,0
SC_Rocky_It,400,1,1,9,0.2,145,0
SC_Rocky_It,400,1,1,12,0.2,145,0
SC_Rocky_It,400,1,2,15,0.1,90,0
SC_Rocky_It,400,1,2,18,0.1,90,0
SC_Rocky_It,400,1,2,21,0.1,90,0
SC_Rocky_It,400,1,2,24,0.1,90,0
SC_Rocky_It,400,1,2,27,0.1,90,0
SC_Rocky_It,400,1,2,30,0.1,90,0
SC_Rocky_It,400,2,1,0,0.2,145,20.6
SC_Rocky_It,400,2,1,3,0.2,145,19.2
SC_Rocky_It,400,2,1,6,0.2,145,23
SC_Rocky_It,400,2,1,9,0.2,145,18.6
SC_Rocky_It,400,2,1,12,0.2,145,18.8
SC_Rocky_It,400,2,2,15,0.15,90,11.1
SC_Rocky_It,400,2,2,18,0.15,90,12.75
SC_Rocky_It,400,2,2,21,0.15,90,15
SC_Rocky_It,400,2,2,24,0.15,90,17.55
SC_Rocky_It,400,2,2,27,0.15,90,16.95
SC_Rocky_It,400,2,2,30,0.15,90,18
SC_Rocky_It,401,1,1,0,0.33,140,19
SC_Rocky_It,401,1,1,2,0.33,140,20.66
SC_Rocky_It,401,1,1,4,0.33,140,23
SC_Rocky_It,401,1,1,6,0.33,140,26
SC_Rocky_It,401,1,1,8,0.33,140,26.33
SC_Rocky_It,401,1,1,10,0.33,140,26
SC_Rocky_It,401,1,1,12,0.33,140,33
SC_Rocky_It,401,1,1,14,0.33,140,41
SC_Rocky_It,401,1,1,16,0.33,140,41
SC_Rocky_It,401,1,1,18,0.33,140,39
SC_Rocky_It,401,1,1,20,0.33,140,41
SC_Rocky_It,401,2,1,0,0.33,140,25
SC_Rocky_It,401,2,1,2,0.33,140,25.33
SC_Rocky_It,401,2,1,4,0.33,140,30
SC_Rocky_It,401,2,1,6,0.33,140,29
SC_Rocky_It,401,2,1,8,0.33,140,32
SC_Rocky_It,401,2,1,10,0.33,140,27.33
SC_Rocky_It,401,2,1,12,0.33,140,33.33
SC_Rocky_It,401,2,1,14,0.33,140,42
SC_Rocky_It,401,2,1,16,0.33,140,42
SC_Rocky_It,401,2,1,18,0.33,140,42
SC_Rocky_It,401,2,1,20,0.33,140,42
SC_Rocky_It,401,3,1,0,0.33,140,25
SC_Rocky_It,401,3,1,2,0.33,140,26
SC_Rocky_It,401,3,1,4,0.33,140,26
SC_Rocky_It,401,3,1,6,0.33,140,29
SC_Rocky_It,401,3,1,8,0.33,140,32
SC_Rocky_It,401,3,1,10,0.33,140,27.33
SC_Rocky_It,401,3,1,12,0.33,140,33.33
SC_Rocky_It,401,3,1,14,0.33,140,42
SC_Rocky_It,401,3,1,16,0.33,140,42
SC_Rocky_It,401,3,1,18,0.33,140,42
SC_Rocky_It,401,3,1,20,0.33,140,42
SC_Rocky_It,402,1,1,0,0.1,0,10.4
SC_Rocky_It,402,1,1,3,0.1,0,11.4
SC_Rocky_It,402,1,1,6,0.1,0,12.2
SC_Rocky_It,402,1,1,9,0.1,0,10
SC_Rocky_It,402,1,1,12,0.1,0,8.2
SC_Rocky_It,402,1,1,15,0.1,0,10
SC_Rocky_It,402,1,1,18,0.1,0,9
SC_Rocky_It,402,1,1,21,0.1,0,9
SC_Rocky_It,402,1,1,24,0.1,0,10
SC_Rocky_It,402,1,1,27,0.1,0,10
SC_Rocky_It,402,1,1,29,0.1,0,10
SC_Rocky_It,402,2,1,0,0.1,0,12
SC_Rocky_It,402,2,1,3,0.1,0,11.4
SC_Rocky_It,402,2,1,6,0.1,0,10
SC_Rocky_It,402,2,1,9,0.1,0,10
SC_Rocky_It,402,2,1,12,0.1,0,9.6
SC_Rocky_It,402,2,1,15,0.1,0,10
SC_Rocky_It,402,2,1,18,0.1,0,9
SC_Rocky_It,402,2,1,21,0.1,0,10
SC_Rocky_It,402,2,1,24,0.1,0,11.4
SC_Rocky_It,402,2,1,27,0.1,0,11
SC_Rocky_It,402,2,1,29,0.1,0,10.5
SC_Rocky_It,402,3,1,0,0.1,0,10.5
SC_Rocky_It,402,3,1,3,0.1,0,11.4
SC_Rocky_It,402,3,1,6,0.1,0,10
SC_Rocky_It,402,3,1,9,0.1,0,10
SC_Rocky_It,402,3,1,12,0.1,0,9
SC_Rocky_It,402,3,1,15,0.1,0,10
SC_Rocky_It,402,3,1,18,0.1,0,9.6
SC_Rocky_It,402,3,1,21,0.1,0,10
SC_Rocky_It,402,3,1,24,0.1,0,11
SC_Rocky_It,402,3,1,27,0.1,0,11
SC_Rocky_It,402,3,1,29,0.1,0,11
SC_Rocky_It,500,1,1,0,0.1,0,8.2
SC_Rocky_It,500,1,1,3,0.1,0,8.8
SC_Rocky_It,500,1,1,6,0.1,0,9.5
SC_Rocky_It,500,1,1,9,0.1,0,11
SC_Rocky_It,500,1,1,11,0.1,0,10
SC_Rocky_It,500,1,2,15,0.1,55,9
SC_Rocky_It,500,1,2,18,0.1,55,7.1
SC_Rocky_It,500,1,2,21,0.1,55,5.7
SC_Rocky_It,500,1,2,24,0.1,55,7.6
SC_Rocky_It,500,1,2,27,0.1,55,7
SC_Rocky_It,500,1,2,29,0.1,55,7
SC_Rocky_It,500,2,1,0,0.1,0,8.2
SC_Rocky_It,500,2,1,3,0.1,0,8.8
SC_Rocky_It,500,2,1,6,0.1,0,9.5
SC_Rocky_It,500,2,1,9,0.1,0,11
SC_Rocky_It,500,2,1,11,0.1,0,10
SC_Rocky_It,500,2,2,15,0.1,55,9
SC_Rocky_It,500,2,2,18,0.1,55,7.1
SC_Rocky_It,500,2,2,21,0.1,55,6
SC_Rocky_It,500,2,2,24,0.1,55,7.6
SC_Rocky_It,500,2,2,27,0.1,55,7
SC_Rocky_It,500,2,2,29,0.1,55,7
SC_Rocky_It,501,1,1,0,0.2,75,28.2
SC_Rocky_It,501,1,1,3,0.2,75,27
SC_Rocky_It,501,1,1,6,0.2,75,24.4
SC_Rocky_It,501,1,1,9,0.2,75,23
SC_Rocky_It,501,1,1,12,0.2,75,21
SC_Rocky_It,501,1,1,15,0.2,75,19.4
SC_Rocky_It,501,1,1,18,0.2,75,18
SC_Rocky_It,501,1,1,21,0.2,75,17
SC_Rocky_It,501,1,1,24,0.2,75,16.6
SC_Rocky_It,501,1,1,27,0.2,75,18.2
SC_Rocky_It,501,1,1,30,0.2,75,20
SC_Rocky_It,501,2,1,0,0.2,75,28.2
SC_Rocky_It,501,2,1,3,0.2,75,27
SC_Rocky_It,501,2,1,6,0.2,75,24.4
SC_Rocky_It,501,2,1,9,0.2,75,23
SC_Rocky_It,501,2,1,12,0.2,75,21.8
SC_Rocky_It,501,2,1,15,0.2,75,20
SC_Rocky_It,501,2,1,18,0.2,75,18
SC_Rocky_It,501,2,1,21,0.2,75,17
SC_Rocky_It,501,2,1,24,0.2,75,16.6
SC_Rocky_It,501,2,1,27,0.2,75,18.2
SC_Rocky_It,501,2,1,30,0.2,75,20.2
SC_Rocky_It,600,1,1,0,0.1,268,13
SC_Rocky_It,600,1,1,3,0.1,268,12.3
SC_Rocky_It,600,1,1,6,0.1,268,13
SC_Rocky_It,600,1,1,9,0.1,268,13
SC_Rocky_It,600,1,1,12,0.1,268,13
SC_Rocky_It,600,1,1,15,0.1,268,12.6
SC_Rocky_It,600,1,1,18,0.1,268,12
SC_Rocky_It,600,1,1,21,0.1,268,11.5
SC_Rocky_It,600,1,1,24,0.1,268,12
SC_Rocky_It,600,1,1,27,0.1,268,12
SC_Rocky_It,600,1,1,30,0.1,268,10.6
SC_Rocky_It,600,2,1,0,0.1,268,13
SC_Rocky_It,600,2,1,3,0.1,268,12.3
SC_Rocky_It,600,2,1,6,0.1,268,13
SC_Rocky_It,600,2,1,9,0.1,268,13
SC_Rocky_It,600,2,1,12,0.1,268,13
SC_Rocky_It,600,2,1,15,0.1,268,12.5
SC_Rocky_It,600,2,1,18,0.1,268,12
SC_Rocky_It,600,2,1,21,0.1,268,12
SC_Rocky_It,600,2,1,24,0.1,268,12
SC_Rocky_It,600,2,1,27,0.1,268,12
SC_Rocky_It,600,2,1,30,0.1,268,12
SC_Rocky_It,600,3,1,0,0.1,268,13
SC_Rocky_It,600,3,1,3,0.1,268,12.3
SC_Rocky_It,600,3,1,6,0.1,268,13
SC_Rocky_It,600,3,1,9,0.1,268,13
SC_Rocky_It,600,3,1,12,0.1,268,13
SC_Rocky_It,600,3,1,15,0.1,268,12.5
SC_Rocky_It,600,3,1,18,0.1,268,12
SC_Rocky_It,600,3,1,21,0.1,268,11
SC_Rocky_It,600,3,1,24,0.1,268,12
SC_Rocky_It,600,3,1,27,0.1,268,12
SC_Rocky_It,600,3,1,30,0.1,268,11
SC_Rocky_It,600,4,1,0,0.1,268,14
SC_Rocky_It,600,4,1,3,0.1,268,12.3
SC_Rocky_It,600,4,1,6,0.1,268,13
SC_Rocky_It,600,4,1,9,0.1,268,13
SC_Rocky_It,600,4,1,12,0.1,268,13
SC_Rocky_It,600,4,1,15,0.1,268,12.9
SC_Rocky_It,600,4,1,18,0.1,268,12
SC_Rocky_It,600,4,1,21,0.1,268,12
SC_Rocky_It,600,4,1,24,0.1,268,13
SC_Rocky_It,600,4,1,27,0.1,268,12
SC_Rocky_It,600,4,1,30,0.1,268,12
SC_Rocky_It,601,1,1,0,0.1,155,11
SC_Rocky_It,601,1,1,2,0.1,155,10
SC_Rocky_It,601,1,1,4,0.1,155,9.5
SC_Rocky_It,601,1,1,6.8,0.1,155,10
SC_Rocky_It,601,1,1,8,0.1,155,10
SC_Rocky_It,601,1,1,10,0.1,155,10.3
SC_Rocky_It,601,1,2,18,0.1,129,10
SC_Rocky_It,601,1,2,21,0.1,129,10
SC_Rocky_It,601,1,2,24,0.1,129,11.3
SC_Rocky_It,601,1,2,27,0.1,129,11
SC_Rocky_It,601,1,2,30,0.1,129,11.5
SC_Rocky_It,601,2,1,0,0.1,155,11
SC_Rocky_It,601,2,1,2,0.1,155,10
SC_Rocky_It,601,2,1,4,0.1,155,9.5
SC_Rocky_It,601,2,1,6.8,0.1,155,10
SC_Rocky_It,601,2,1,8,0.1,155,10
SC_Rocky_It,601,2,1,10,0.1,155,10
SC_Rocky_It,601,2,2,18,0.1,129,10
SC_Rocky_It,601,2,2,21,0.1,129,10
SC_Rocky_It,601,2,2,24,0.1,129,11.5
SC_Rocky_It,601,2,2,27,0.1,129,11
SC_Rocky_It,601,2,2,30,0.1,129,11.5
SC_Rocky_It,602,1,1,0,0.1,246,9.5
SC_Rocky_It,602,1,1,2,0.1,246,10
SC_Rocky_It,602,1,1,4,0.1,246,9
SC_Rocky_It,602,1,1,6,0.1,246,9.5
SC_Rocky_It,602,1,1,8,0.1,246,10
SC_Rocky_It,602,1,1,10,0.1,246,10
SC_Rocky_It,602,1,1,12,0.1,246,10
SC_Rocky_It,602,1,1,14,0.1,246,11
SC_Rocky_It,602,1,1,16,0.1,246,11
SC_Rocky_It,602,1,1,18,0.1,246,11
SC_Rocky_It,602,1,1,20,0.1,246,10
SC_Rocky_It,602,2,1,0,0.1,246,9
SC_Rocky_It,602,2,1,2,0.1,246,10.6
SC_Rocky_It,602,2,1,4,0.1,246,9
SC_Rocky_It,602,2,1,6,0.1,246,8.7
SC_Rocky_It,602,2,1,8,0.1,246,10
SC_Rocky_It,602,2,1,10,0.1,246,10
SC_Rocky_It,602,2,1,12,0.1,246,8.6
SC_Rocky_It,602,2,1,14,0.1,246,13
SC_Rocky_It,602,2,1,16,0.1,246,13
SC_Rocky_It,602,2,1,18,0.1,246,12
SC_Rocky_It,602,2,1,20,0.1,246,10
SC_Rocky_It,603,1,1,0,0.1,128,10
SC_Rocky_It,603,1,1,2,0.1,128,10
SC_Rocky_It,603,1,1,4,0.1,128,10
SC_Rocky_It,603,1,1,6,0.1,128,10
SC_Rocky_It,603,1,1,8,0.1,128,10
SC_Rocky_It,603,1,1,10,0.1,128,10
SC_Rocky_It,603,1,1,12,0.1,128,10
SC_Rocky_It,603,1,1,14,0.1,128,10
SC_Rocky_It,603,1,1,16,0.1,128,10
SC_Rocky_It,603,1,1,18,0.1,128,10
SC_Rocky_It,603,1,1,20,0.1,128,10
SC_Rocky_It,603,2,1,0,0.1,128,10
SC_Rocky_It,603,2,1,2,0.1,128,9.5
SC_Rocky_It,603,2,1,4,0.1,128,10
SC_Rocky_It,603,2,1,6,0.1,128,9
SC_Rocky_It,603,2,1,8,0.1,128,10
SC_Rocky_It,603,2,1,10,0.1,128,10
SC_Rocky_It,603,2,1,12,0.1,128,8.5
SC_Rocky_It,603,2,1,14,0.1,128,10
SC_Rocky_It,603,2,1,16,0.1,128,10
SC_Rocky_It,603,2,1,18,0.1,128,8.5
SC_Rocky_It,603,2,1,20,0.1,128,9
SC_Rocky_It,604,1,1,0,0.1,336,11
SC_Rocky_It,604,1,1,2,0.1,336,11
SC_Rocky_It,604,1,1,4,0.1,336,10
SC_Rocky_It,604,1,1,6,0.1,336,11
SC_Rocky_It,604,1,1,8,0.1,336,11.5
SC_Rocky_It,604,1,2,10,0.1,230,11.3
SC_Rocky_It,604,1,2,12,0.1,230,12
SC_Rocky_It,604,1,2,14,0.1,230,10.5
SC_Rocky_It,604,1,2,16,0.1,230,11.5
SC_Rocky_It,604,1,2,18,0.1,230,13
SC_Rocky_It,604,1,2,20,0.1,230,12.2
SC_Rocky_It,604,2,1,0,0.1,336,11
SC_Rocky_It,604,2,1,2,0.1,336,11
SC_Rocky_It,604,2,1,4,0.1,336,8.9
SC_Rocky_It,604,2,1,6,0.1,336,10.1
SC_Rocky_It,604,2,1,8,0.1,336,11.5
SC_Rocky_It,604,2,2,10,0.1,230,11
SC_Rocky_It,604,2,2,12,0.1,230,10
SC_Rocky_It,604,2,2,14,0.1,230,10.5
SC_Rocky_It,604,2,2,16,0.1,230,11.5
SC_Rocky_It,604,2,2,18,0.1,230,13
SC_Rocky_It,604,2,2,20,0.1,230,12.2
SC_Rocky_It,605,1,1,0,0.1,42,10
SC_Rocky_It,605,1,1,2,0.1,42,10
SC_Rocky_It,605,1,1,4,0.1,42,10.5
SC_Rocky_It,605,1,1,6,0.1,42,10
SC_Rocky_It,605,1,1,8,0.1,42,10
SC_Rocky_It,605,1,1,10,0.1,42,10
SC_Rocky_It,605,1,1,12,0.1,42,10
SC_Rocky_It,605,1,1,14,0.1,42,10
SC_Rocky_It,605,1,1,16,0.1,42,10
SC_Rocky_It,605,1,1,18,0.1,42,10
SC_Rocky_It,605,1,1,20,0.1,42,10
SC_Rocky_It,605,2,1,0,0.1,42,10
SC_Rocky_It,605,2,1,2,0.1,42,11
SC_Rocky_It,605,2,1,4,0.1,42,10.5
SC_Rocky_It,605,2,1,6,0.1,42,10
SC_Rocky_It,605,2,1,8,0.1,42,10
SC_Rocky_It,605,2,1,10,0.1,42,10
SC_Rocky_It,605,2,1,12,0.1,42,10
SC_Rocky_It,605,2,1,14,0.1,42,10
SC_Rocky_It,605,2,1,16,0.1,42,10
SC_Rocky_It,605,2,1,18,0.1,42,10
SC_Rocky_It,605,2,1,20,0.1,42,10
SC_Rocky_It,700,1,1,0,0.1,20,13
SC_Rocky_It,700,1,1,2,0.1,20,13
SC_Rocky_It,700,1,1,4,0.1,20,13
SC_Rocky_It,700,1,1,6,0.1,20,11.5
SC_Rocky_It,700,1,1,8,0.1,20,10.5
SC_Rocky_It,700,1,1,10,0.1,20,11
SC_Rocky_It,700,1,1,12,0.1,20,10.1
SC_Rocky_It,700,1,1,14,0.1,20,10
SC_Rocky_It,700,1,1,16,0.1,20,10
SC_Rocky_It,700,1,1,18,0.1,20,9.1
SC_Rocky_It,700,1,1,20,0.1,20,8.1
SC_Rocky_It,700,2,1,0,0.1,20,13
SC_Rocky_It,700,2,1,2,0.1,20,12
SC_Rocky_It,700,2,1,4,0.1,20,11.5
SC_Rocky_It,700,2,1,6,0.1,20,11.5
SC_Rocky_It,700,2,1,8,0.1,20,10.5
SC_Rocky_It,700,2,1,10,0.1,20,11
SC_Rocky_It,700,2,1,12,0.1,20,10.1
SC_Rocky_It,700,2,1,14,0.1,20,10
SC_Rocky_It,700,2,1,16,0.1,20,10
SC_Rocky_It,700,2,1,18,0.1,20,10
SC_Rocky_It,700,2,1,20,0.1,20,9.2
SC_Rocky_It,700,3,1,0,0.1,20,13
SC_Rocky_It,700,3,1,2,0.1,20,12
SC_Rocky_It,700,3,1,4,0.1,20,13
SC_Rocky_It,700,3,1,6,0.1,20,11.5
SC_Rocky_It,700,3,1,8,0.1,20,10.5
SC_Rocky_It,700,3,1,10,0.1,20,11
SC_Rocky_It,700,3,1,12,0.1,20,10.1
SC_Rocky_It,700,3,1,14,0.1,20,10
SC_Rocky_It,700,3,1,16,0.1,20,10
SC_Rocky_It,700,3,1,18,0.1,20,10
SC_Rocky_It,700,3,1,20,0.1,20,9
SC_Rocky_It,701,1,1,0,0.33,180,37.66
SC_Rocky_It,701,1,1,3,0.33,180,37.33
SC_Rocky_It,701,1,1,6,0.33,180,37.33
SC_Rocky_It,701,1,1,9,0.33,180,38
SC_Rocky_It,701,1,1,12,0.33,180,38
SC_Rocky_It,701,1,1,15,0.33,180,38
SC_Rocky_It,701,1,1,18,0.33,180,37
SC_Rocky_It,701,1,1,20.6,0.33,180,36
SC_Rocky_It,701,1,1,24,0.33,180,36.33
SC_Rocky_It,701,1,1,27,0.33,180,37
SC_Rocky_It,701,1,1,30,0.33,180,36.66
SC_Rocky_It,701,2,1,0,0.33,180,38
SC_Rocky_It,701,2,1,3,0.33,180,40
SC_Rocky_It,701,2,1,6,0.33,180,40
SC_Rocky_It,701,2,1,9,0.33,180,36
SC_Rocky_It,701,2,1,12,0.33,180,36
SC_Rocky_It,701,2,1,15,0.33,180,38
SC_Rocky_It,701,2,1,18,0.33,180,37
SC_Rocky_It,701,2,1,20.6,0.33,180,37
SC_Rocky_It,701,2,1,24,0.33,180,37
SC_Rocky_It,701,2,1,27,0.33,180,37
SC_Rocky_It,701,2,1,30,0.33,180,36
SC_Rocky_It,701,3,1,0,0.33,180,38
SC_Rocky_It,701,3,1,3,0.33,180,37
SC_Rocky_It,701,3,1,6,0.33,180,37.33
SC_Rocky_It,701,3,1,9,0.33,180,36
SC_Rocky_It,701,3,1,12,0.33,180,37
SC_Rocky_It,701,3,1,15,0.33,180,36
SC_Rocky_It,701,3,1,18,0.33,180,37
SC_Rocky_It,701,3,1,20.6,0.33,180,36
SC_Rocky_It,701,3,1,24,0.33,180,37
SC_Rocky_It,701,3,1,27,0.33,180,37
SC_Rocky_It,701,3,1,30,0.33,180,36.66
SC_Rocky_It,702,1,1,0,0.4,360,40
SC_Rocky_It,702,1,1,2,0.4,360,40
SC_Rocky_It,702,1,1,4,0.4,360,40
SC_Rocky_It,702,1,1,6,0.4,360,40
SC_Rocky_It,702,1,1,8,0.4,360,40
SC_Rocky_It,702,1,1,10,0.4,360,40
SC_Rocky_It,702,1,1,12,0.4,360,40
SC_Rocky_It,702,1,1,14,0.4,360,40
SC_Rocky_It,702,1,1,16,0.4,360,40
SC_Rocky_It,702,1,1,18,0.4,360,40
SC_Rocky_It,702,1,1,20,0.4,360,40
SC_Rocky_It,702,2,1,0,0.4,360,40
SC_Rocky_It,702,2,1,2,0.4,360,40
SC_Rocky_It,702,2,1,4,0.4,360,40
SC_Rocky_It,702,2,1,6,0.4,360,40
SC_Rocky_It,702,2,1,8,0.4,360,40
SC_Rocky_It,702,2,1,10,0.4,360,40
SC_Rocky_It,702,2,1,12,0.4,360,40
SC_Rocky_It,702,2,1,14,0.4,360,40
SC_Rocky_It,702,2,1,16,0.4,360,40
SC_Rocky_It,702,2,1,18,0.4,360,40
SC_Rocky_It,702,2,1,20,0.4,360,40
SC_Rocky_It,800,1,1,0,0.15,42,12
SC_Rocky_It,800,1,1,3,0.15,42,16.05
SC_Rocky_It,800,1,1,6,0.15,42,15
SC_Rocky_It,800,1,1,9,0.15,42,16.05
SC_Rocky_It,800,1,1,12,0.15,42,15
SC_Rocky_It,800,1,1,15,0.15,42,15
SC_Rocky_It,800,1,1,18,0.15,42,15
SC_Rocky_It,800,1,1,21,0.15,42,15
SC_Rocky_It,800,1,1,24,0.15,42,15
SC_Rocky_It,800,1,1,27,0.15,42,15
SC_Rocky_It,800,1,1,30,0.15,42,15
SC_Rocky_It,800,2,1,0,0.15,42,15
SC_Rocky_It,800,2,1,3,0.15,42,15
SC_Rocky_It,800,2,1,6,0.15,42,16.05
SC_Rocky_It,800,2,1,9,0.15,42,15
SC_Rocky_It,800,2,1,12,0.15,42,15
SC_Rocky_It,800,2,1,15,0.15,42,15
SC_Rocky_It,800,2,1,18,0.15,42,15
SC_Rocky_It,800,2,1,21,0.15,42,15
SC_Rocky_It,800,2,1,24,0.15,42,15
SC_Rocky_It,800,2,1,27,0.15,42,15
SC_Rocky_It,800,2,1,30,0.15,42,15
SC_Rocky_It,801,1,1,0,0.25,175,25
SC_Rocky_It,801,1,1,2,0.25,175,25
SC_Rocky_It,801,1,1,4,0.25,175,25
SC_Rocky_It,801,1,1,6,0.25,175,25
SC_Rocky_It,801,1,1,8,0.25,175,25
SC_Rocky_It,801,1,1,10,0.25,175,27
SC_Rocky_It,801,1,1,12,0.25,175,27
SC_Rocky_It,801,1,1,14,0.25,175,26
SC_Rocky_It,801,1,1,16,0.25,175,25
SC_Rocky_It,801,1,1,18,0.25,175,24
SC_Rocky_It,801,1,1,20,0.25,175,23
SC_Rocky_It,801,2,1,0,0.25,175,25
SC_Rocky_It,801,2,1,2,0.25,175,25
SC_Rocky_It,801,2,1,4,0.25,175,25
SC_Rocky_It,801,2,1,6,0.25,175,25
SC_Rocky_It,801,2,1,8,0.25,175,25
SC_Rocky_It,801,2,1,10,0.25,175,27
SC_Rocky_It,801,2,1,12,0.25,175,27
SC_Rocky_It,801,2,1,14,0.25,175,26
SC_Rocky_It,801,2,1,16,0.25,175,25
SC_Rocky_It,801,2,1,18,0.25,175,24
SC_Rocky_It,801,2,1,20,0.25,175,23
SC_Rocky_It,801,3,1,0,0.25,175,25
SC_Rocky_It,801,3,1,2,0.25,175,25
SC_Rocky_It,801,3,1,4,0.25,175,25
SC_Rocky_It,801,3,1,6,0.25,175,25
SC_Rocky_It,801,3,1,8,0.25,175,25
SC_Rocky_It,801,3,1,10,0.25,175,27
SC_Rocky_It,801,3,1,12,0.25,175,27
SC_Rocky_It,801,3,1,14,0.25,175,26
SC_Rocky_It,801,3,1,16,0.25,175,25
SC_Rocky_It,801,3,1,18,0.25,175,25
SC_Rocky_It,801,3,1,20,0.25,175,23
SC_Rocky_It,802,1,1,0,0.4,340,35.2
SC_Rocky_It,802,1,1,3,0.4,340,0
SC_Rocky_It,802,1,1,6,0.4,340,40
SC_Rocky_It,802,1,1,9,0.4,340,0
SC_Rocky_It,802,1,1,12,0.4,340,40
SC_Rocky_It,802,1,1,15,0.4,340,0
SC_Rocky_It,802,1,1,18,0.4,340,40
SC_Rocky_It,802,1,1,21,0.4,340,0
SC_Rocky_It,802,1,1,24,0.4,340,40
SC_Rocky_It,802,1,1,27,0.4,340,0
SC_Rocky_It,802,1,1,30,0.4,340,32.8
SC_Rocky_It,803,1,1,0,0.25,295,21.7
SC_Rocky_It,803,1,1,3,0.25,295,25
SC_Rocky_It,803,1,1,6,0.25,295,23
SC_Rocky_It,803,1,1,9,0.25,295,23
SC_Rocky_It,803,1,1,12,0.25,295,22
SC_Rocky_It,803,1,1,15,0.25,295,26
SC_Rocky_It,803,1,1,18,0.25,295,25.75
SC_Rocky_It,803,1,1,21,0.25,295,25
SC_Rocky_It,803,1,1,24,0.25,295,25
SC_Rocky_It,803,1,1,27,0.25,295,24
SC_Rocky_It,803,1,1,30,0.25,295,25
